id mostra,depuradora,        N1(CG/L),        N2(CG/L),        IP4(CG/L),        E(CG/L),Cabal últimes 24h(m3),Pluja(mm),Observacions,Valor puntual,
DABR-2020-07-06,ABRERA,148.15,,148.15,148.15,29638,0,,false,
DABR-2020-07-13,ABRERA,148.15,,148.15,148.15,24094,2.4,,false,
DABR-2020-07-20,ABRERA,748.18,,347.8,148.15,23254,0,,false,
DABR-2020-07-27,ABRERA,148.15,,148.15,148.15,17096,0,,false,
DABR-2020-08-03,ABRERA,148.15,,463.35,,22459,1.2,,false,
DABR-2020-08-10,ABRERA,5337.8,,148.15,,17971,0,,false,
DABR-2020-08-17,ABRERA,3965.4,,6451.2,,19749,0.6,,false,
DABR-2020-08-24,ABRERA,64650,,185740,,17852,0,Canvi metodològic,false,
DABR-2020-08-31,ABRERA,169150,,96213,,18536,2.2,,false,
DABR-2020-09-07,ABRERA,78143,,251360,,21010,0,,false,
DABR-2020-09-14,ABRERA,35724,,13674,,15754,0,,false,
DABR-2020-09-21,ABRERA,76757,,8199,,18370,0,,false,
DABR-2020-09-28,ABRERA,63024,,485010,,15541,0,,false,
DABR-2020-10-05,ABRERA,150340,,118860,,15798,0,,false,
DABR-2020-10-12,ABRERA,317790,,116090,,12562,0,,false,
DABR-2020-10-19,ABRERA,334930,,31455,,15077,0,,false,
DABR-2020-10-26,ABRERA,1039600,,263790,,14373,0,,false,
DABR-2020-11-02,ABRERA,4729500,,422570,,14702,0,,false,
DABR-2020-11-09,ABRERA,74410,,119710,,14727,0,,false,
DABR-2020-11-16,ABRERA,249810,,349810,,16121,0,,false,
DABR-2020-11-23,ABRERA,689300,,302280,,17007,0,,false,
DABR-2020-11-30,ABRERA,98888,,113430,,15795,0,,false,
DABR-2020-12-07,ABRERA,390690,,118530,,,,,false,
DAMP-2020-07-06,AMPOSTA,450,,,450,8918,0,,false,
DAMP-2020-07-13,AMPOSTA,450,,,450,7616,0,,false,
DAMP-2020-07-20,AMPOSTA,420,,,420,6264,0,,false,
DAMP-2020-08-03,AMPOSTA,3612.6,480,,,4850,0,Valor Puntual,false,
DAMP-2020-08-10,AMPOSTA,30,30,,,4187,0,,false,
DAMP-2020-08-17,AMPOSTA,360,360,,360,4033,0,,false,
DAMP-2020-08-25,AMPOSTA,450,450,,450,,,,false,
DAMP-2020-08-31,AMPOSTA,350,350,,,3822,0,,false,
DAMP-2020-09-14,AMPOSTA,226.12,214.29,,,3798,0,,true,
DAMP-2020-09-21,AMPOSTA,7450,142.86,,,3707,0,,false,
DAMP-2020-09-28,AMPOSTA,744.23,1346,,,3537,0,,false,
DAMP-2020-10-05,AMPOSTA,165330,60994,,,3619,0,,false,
DAMP-2020-10-12,AMPOSTA,52949,27059,,,3630,0,,false,
DAMP-2020-10-19,AMPOSTA,3184.9,119510,,,3376,0,,false,
DAMP-2020-10-26,AMPOSTA,133200,88169,,,3897,0,,false,
DAMP-2020-11-02,AMPOSTA,46755,123490,,,3061,0,,false,
DAMP-2020-11-09,AMPOSTA,76478,334630,,,3505,,,false,
DAMP-2020-11-16,AMPOSTA,82213,79883,,,3168,0,,false,
DAMP-2020-11-23,AMPOSTA,167850,141150,,,,,,false,
DAMP-2020-11-30,AMPOSTA,27315,18089,,,,,,false,
DAMP-2020-12-07,AMPOSTA,296.85,142.86,,,,,,true,
DBAL-2020-07-06,BALAGUER,450,,,450,7294,0,,false,
DBAL-2020-07-13,BALAGUER,4380.7,,,17741,7514,7,,false,
DBAL-2020-07-20,BALAGUER,13367,,,420,7063,0,,false,
DBAL-2020-07-27,BALAGUER,13709,360,,,,,Valor Puntual,false,
DBAL-2020-08-03,BALAGUER,6993.5,420,,,7378,0,Valor Puntual,false,
DBAL-2020-08-10,BALAGUER,300,300,,,7259,0,,false,
DBAL-2020-08-17,BALAGUER,17338,360,,360,7420,0,,false,
DBAL-2020-08-25,BALAGUER,450,450,,450,,,,false,
DBAL-2020-08-31,BALAGUER,500,500,,,8024,0,,false,
DBAL-2020-09-08,BALAGUER,8359,4734.3,,,,,Canvi Metodològic,false,
DBAL-2020-09-14,BALAGUER,7239,1554.7,,,7675,0,,false,
DBAL-2020-09-21,BALAGUER,29049,142.86,,,7162,0,,false,
DBAL-2020-09-28,BALAGUER,19456,8753.3,,,6104,0,,false,
DBAL-2020-10-05,BALAGUER,418610,199640,,,6092,0,,false,
DBAL-2020-10-12,BALAGUER,4191.6,5685.3,,,5812,0,,false,
DBAL-2020-10-19,BALAGUER,23250,37839,,,5385,0,,false,
DBAL-2020-10-26,BALAGUER,41423,517.29,,,5206,0,,false,
DBAL-2020-11-02,BALAGUER,169340,138880,,,5346,0,,false,
DBAL-2020-11-09,BALAGUER,33010,160520,,,5206,0,,false,
DBAL-2020-11-16,BALAGUER,57927,171.43,,,4740,0,,false,
DBAL-2020-11-23,BALAGUER,92243,21347,,,7088,0,,false,
DBAL-2020-11-30,BALAGUER,15800,171.43,,,,,,false,
DBAL-2020-12-07,BALAGUER,7930,3839.3,,,,,,false,
DBAY-2020-07-06,BANYOLES,100,,100,100,11707,0,,false,
DBAY-2020-07-13,BANYOLES,148.15,,148.15,148.15,12415,1,,false,
DBAY-2020-07-20,BANYOLES,148.15,,3520.1,148.15,11990,0,,false,
DBAY-2020-07-27,BANYOLES,148.15,,148.15,148.15,11942,0,,false,
DBAY-2020-08-03,BANYOLES,1482.3,,148.65,,11912,0.1,,false,
DBAY-2020-08-10,BANYOLES,148.15,,2169.5,,12416,0,,false,
DBAY-2020-08-17,BANYOLES,17153,,148.15,,9891,0,,false,
DBAY-2020-08-24,BANYOLES,57044,,5251,,9988,0,Canvi metodològic,false,
DBAY-2020-08-31,BANYOLES,77649,,9506.2,,10714,0,,false,
DBAY-2020-09-07,BANYOLES,43419,,788.72,,12527,0,,false,
DBAY-2020-09-14,BANYOLES,54882,,1028.6,,10969,0,,false,
DBAY-2020-09-21,BANYOLES,949770,,29500,,11700,1.3,,false,
DBAY-2020-09-28,BANYOLES,295030,,221970,,11303,0,,false,
DBAY-2020-10-05,BANYOLES,2352000,,749220,,10851,0,,false,
DBAY-2020-10-12,BANYOLES,1245500,,167580,,9812,0,,false,
DBAY-2020-10-19,BANYOLES,1702000,,62534,,10388,0,,false,
DBAY-2020-10-26,BANYOLES,3099600,,378860,,10514,0,,false,
DBAY-2020-11-02,BANYOLES,5491700,,2053100,,10061,0,,false,
DBAY-2020-11-09,BANYOLES,571930,,413950,,10210,0,,false,
DBAY-2020-11-16,BANYOLES,622920,,349080,,10505,0,,false,
DBAY-2020-11-23,BANYOLES,563830,,234170,,9946,0,,false,
DBAY-2020-11-30,BANYOLES,685010,,714210,,11096,0,,false,
DBAY-2020-12-07,BANYOLES,559540,,298990,,,,,false,
DBBL-2020-07-06,BORGES_BLANQUES_LES,450,,,450,1729,0,,false,
DBBL-2020-07-13,BORGES_BLANQUES_LES,4016.7,,,450,2537,10,,false,
DBBL-2020-07-20,BORGES_BLANQUES_LES,450,,,450,2864,3,,false,
DBBL-2020-07-27,BORGES_BLANQUES_LES,450,,,450,0,0,,false,
DBBL-2020-08-03,BORGES_BLANQUES_LES,600,600,,,,,,false,
DBBL-2020-08-10,BORGES_BLANQUES_LES,300,300,,,2225,0,,false,
DBBL-2020-08-17,BORGES_BLANQUES_LES,96456,300,,300,1812,0,,false,
DBBL-2020-08-25,BORGES_BLANQUES_LES,21126,450,,450,,,,false,
DBBL-2020-08-31,BORGES_BLANQUES_LES,106320,85788,,,2060,0,Canvi metodològic,false,
DBBL-2020-09-07,BORGES_BLANQUES_LES,7955.6,178.57,,,1697,0,,false,
DBBL-2020-09-14,BORGES_BLANQUES_LES,306.18,344.61,,,2259,0,,false,
DBBL-2020-09-21,BORGES_BLANQUES_LES,142.86,142.86,,,1837,0,,false,
DBBL-2020-09-28,BORGES_BLANQUES_LES,1461.8,8668.6,,,1494,0,,false,
DBBL-2020-10-05,BORGES_BLANQUES_LES,144300,28295,,,1552,0,,false,
DBBL-2020-10-12,BORGES_BLANQUES_LES,16370,321.85,,,1228,0,,false,
DBBL-2020-10-26,BORGES_BLANQUES_LES,47481,3578.5,,,1464,0,,false,
DBBL-2020-11-09,BORGES_BLANQUES_LES,15177,59174,,,1555,0,,false,
DBBL-2020-11-23,BORGES_BLANQUES_LES,5978.3,3607.7,,,1867,0,,false,
DBBL-2020-12-07,BORGES_BLANQUES_LES,1073.7,142.86,,,,,,true,
DBER-2020-07-06,BERGA,148.15,,148.15,148.15,0,0,,false,
DBER-2020-07-13,BERGA,148.15,,148.15,148.15,5870.03,50,,false,
DBER-2020-07-20,BERGA,1090.5,,148.15,148.15,5948.86,0,,true,
DBER-2020-07-27,BERGA,148.15,,14574,148.15,5225.27,0,,false,
DBER-2020-08-03,BERGA,79013,,7381.8,,5145.21,0,,false,
DBER-2020-08-10,BERGA,148.15,,148.15,,4451.46,0,,false,
DBER-2020-08-17,BERGA,148.15,,5073.7,,4820.26,0,,false,
DBER-2020-08-24,BERGA,151490,,531010,,4952.6,0,Canvi metodològic,false,
DBER-2020-08-31,BERGA,29477,,23114,,6589.89,0,,false,
DBER-2020-09-07,BERGA,478040,,269490,,5305.65,0,,false,
DBER-2020-09-14,BERGA,249710,,36449,,4707.71,0,,false,
DBER-2020-09-21,BERGA,128350,,83781,,5705.52,70,,false,
DBER-2020-09-28,BERGA,644680,,1262600,,4779.59,0,,false,
DBER-2020-10-05,BERGA,677400,,423490,,5250.45,0,,false,
DBER-2020-10-12,BERGA,912180,,471680,,4603.73,0,,false,
DBER-2020-10-19,BERGA,10847000,,188910,,4136.65,0,,false,
DBER-2020-10-26,BERGA,3009900,,374010,,4812.61,0,,false,
DBER-2020-11-02,BERGA,54234000,,2705500,,4644.05,0,,false,
DBER-2020-11-09,BERGA,367990,,298060,,4521.79,0,Molta materia suspensió en conseqüència molta inhibició particularment N1,false,
DBER-2020-11-16,BERGA,97317,,716720,,4741.88,0,Molta materia suspensió en conseqüència molta inhibició particularment N1,false,
DBER-2020-11-23,BERGA,271860,,94102,,4582.98,0,Molta materia suspensió en conseqüència molta inhibició particularment N1,false,
DBER-2020-11-30,BERGA,426330,,367960,,4728.88,0,Molta materia suspensió en conseqüència molta inhibició particularment N1,false,
DBER-2020-12-07,BERGA,1933100,,445910,,,,,false,
DBLN-2020-07-13,BLANES,13133,,,342.86,9386,0,,false,
DBLN-2020-07-28,BLANES,2863.8,1794.3,,,,,,false,
DBLN-2020-08-10,BLANES,46423,2360.1,,,10808,0,,false,
DBLN-2020-08-24,BLANES,1494.7,11688,,,10118,0,,false,
DBLN-2020-09-07,BLANES,27119,27056,,,9704,0,,false,
DBLN-2020-09-21,BLANES,3878.6,1063.9,,,9425,24.8,,false,
DBLN-2020-10-05,BLANES,4946.8,8987,,,7950,0,,false,
DBLN-2020-10-19,BLANES,59965,58459,,,7455,0,,false,
DBLN-2020-11-02,BLANES,50544,21020,,,7205,0,,false,
DBLN-2020-11-16,BLANES,20435,15604,,,7644,0,,false,
DBLN-2020-11-30,BLANES,7501.7,8563.2,,,12016,0,,false,
DBSS-2020-07-06,BESÒS,826.38,,,685.71,327029,0,,false,
DBSS-2020-07-13,BESÒS,25521,,,14630,317575,0.3,,false,
DBSS-2020-07-20,BESÒS,53820,130170,,,324759,0,,false,
DBSS-2020-07-28,BESÒS,30673,26401,,,,,,false,
DBSS-2020-08-03,BESÒS,45800,6291.3,,,331372,9.6,,false,
DBSS-2020-08-10,BESÒS,198070,199620,,,281022,0,,false,
DBSS-2020-08-17,BESÒS,166370,73651,,,281533,0,,false,
DBSS-2020-08-24,BESÒS,162230,48076,,,294440,0,,false,
DBSS-2020-08-31,BESÒS,73204,12819,,,474624,7.2,,false,
DBSS-2020-09-07,BESÒS,240190,63454,,,474539,7.2,,false,
DBSS-2020-09-14,BESÒS,34936,6419.2,,,362072,0,,false,
DBSS-2020-09-21,BESÒS,6806.8,15603,,,491723.4,25.9,,false,
DBSS-2020-09-28,BESÒS,16665,44808,,,389023,0,,false,
DBSS-2020-10-05,BESÒS,21488,51843,,,359794.63,0,,false,
DBSS-2020-10-12,BESÒS,94638,54533,,,343375,22,,false,
DBSS-2020-10-19,BESÒS,72619,82760,,,37871,,,false,
DBSS-2020-10-26,BESÒS,65079,59400,,,437274,0,,false,
DBSS-2020-11-02,BESÒS,89786,64799,,,355055,0,,false,
DBSS-2020-11-10,BESÒS,11938,14231,,,,,,false,
DBSS-2020-11-16,BESÒS,60648,58267,,,311892,0,,false,
DBSS-2020-11-23,BESÒS,94201,37725,,,0,0,,false,
DBSS-2020-11-30,BESÒS,51868,137450,,,,0,,false,
DBSS-2020-12-07,BESÒS,69145,56598,,,,,,false,
DCER-2020-07-09,CERVERA,5506.8,,,450,1953,0,,false,
DCER-2020-07-20,CERVERA,5036.7,,,540,1748,0,,false,
DCER-2020-08-03,CERVERA,360,360,,,,,,false,
DCER-2020-08-17,CERVERA,480,480,,480,,,,false,
DCER-2020-08-31,CERVERA,450,450,,,1800,0,,false,
DCER-2020-09-14,CERVERA,5915.4,1207.2,,,1893,0,,false,
DCER-2020-09-28,CERVERA,14840,10020,,,1850,0,,false,
DCER-2020-10-12,CERVERA,107540,141680,,,1890,0,,false,
DCER-2020-10-26,CERVERA,92468,55464,,,1785,0,,false,
DCER-2020-11-09,CERVERA,172940,127380,,,1414,0,,false,
DCER-2020-11-23,CERVERA,46861,25254,,,1405,0,,false,
DCER-2020-12-07,CERVERA,103840,196250,,,,,,false,
DCPA-2020-07-06,CASTELL-PLATJA_D'ARO,761.9,,,761.9,14225,0,,false,
DCPA-2020-07-20,CASTELL-PLATJA_D'ARO,11195,14045,,,13815,0,,false,
DCPA-2020-08-03,CASTELL-PLATJA_D'ARO,41514,1869.5,,,19070,6,,false,
DCPA-2020-08-17,CASTELL-PLATJA_D'ARO,17613,13384,,,13480,0,,false,
DCPA-2020-08-31,CASTELL-PLATJA_D'ARO,4051.5,393.68,,,13500,42,,true,
DCPA-2020-09-14,CASTELL-PLATJA_D'ARO,32514,14420,,,115150,0,,false,
DCPA-2020-09-28,CASTELL-PLATJA_D'ARO,3081.1,1461,,,8289,0,,false,
DCPA-2020-10-12,CASTELL-PLATJA_D'ARO,48341,27666,,,8682,0,,false,
DFAL-2020-10-19,FALSET,67294,172750,,,488,0,,false,
DFAL-2020-10-26,FALSET,139010,9575.3,,,343,0,,false,
DFAL-2020-11-02,FALSET,22133,11399,,,313,0,,false,
DFAL-2020-11-09,FALSET,714.26,3169.3,,,308,0,,false,
DFAL-2020-11-16,FALSET,162760,127210,,,312,0,,false,
DFAL-2020-11-23,FALSET,80516,15054,,,323,0,,false,
DFAL-2020-11-30,FALSET,1328.7,329.57,,,340,0,,false,
DFAL-2020-12-07,FALSET,1606.6,71.429,,,,,,true,
DFIG-2020-07-13,FIGUERES,148.15,,160.97,148.15,15652,2.8,,true,
DFIG-2020-07-27,FIGUERES,3612.8,,6201.8,148.15,14316,0,,false,
DFIG-2020-08-10,FIGUERES,148.15,,3163.8,,13100,0,,false,
DFIG-2020-08-24,FIGUERES,219360,,2317900,,12960,0,Canvi metodològic,false,
DFIG-2020-09-07,FIGUERES,186670,,49555,,13596,0,,false,
DFIG-2020-09-21,FIGUERES,807860,,111770,,17641,12.2,,false,
DFIG-2020-10-05,FIGUERES,3105300,,1568100,,11208,0,,false,
DFIG-2020-10-19,FIGUERES,19564000,,352120,,13699,0,,false,
DFIG-2020-10-26,FIGUERES,11585000,,800050,,13754.4,0,,false,
DFIG-2020-11-02,FIGUERES,17518000,,1012300,,13171.2,0,,false,
DFIG-2020-11-09,FIGUERES,2125900,,611860,,12446.4,0,,false,
DFIG-2020-11-16,FIGUERES,1183900,,854140,,12153.6,0,,false,
DFIG-2020-11-23,FIGUERES,992900,,98485,,13768.8,0,,false,
DFIG-2020-11-30,FIGUERES,479560,,208590,,18828,0,,false,
DFIG-2020-12-07,FIGUERES,719120,,92861,,,,,false,
DFON-2020-07-06,FONDARELLA,13716,,,450,22603,0,,false,
DFON-2020-07-13,FONDARELLA,450,,,450,26922,31,,false,
DFON-2020-07-20,FONDARELLA,420,,,420,28107,0,,false,
DFON-2020-07-27,FONDARELLA,450,,,450,27639,0,,false,
DFON-2020-08-03,FONDARELLA,360,360,,,30646,0,,false,
DFON-2020-08-10,FONDARELLA,300,300,,,24807,0,,false,
DFON-2020-08-17,FONDARELLA,300,300,,300,27090,0,,false,
DFON-2020-08-25,FONDARELLA,6224.7,450,,450,,,,false,
DFON-2020-08-31,FONDARELLA,9232.8,300,,,28689,0,,false,
DFON-2020-09-07,FONDARELLA,228.57,257.35,,,25840,0,Canvi Metodològic,true,
DFON-2020-09-14,FONDARELLA,441.88,214.29,,,27783,0,,true,
DFON-2020-09-21,FONDARELLA,861.17,142.86,,,31104,0,,false,
DFON-2020-09-28,FONDARELLA,786.39,233.08,,,19672,0,,false,
DFON-2020-10-05,FONDARELLA,79305,36892,,,21106,0,,false,
DFON-2020-10-12,FONDARELLA,5723.2,2052.7,,,17001,0,,false,
DFON-2020-10-19,FONDARELLA,1350.3,25239,,,16616,0,,false,
DFON-2020-11-02,FONDARELLA,28393,31002,,,13036,0,,false,
DFON-2020-11-16,FONDARELLA,17034,3843.8,,,13716,0,,false,
DFON-2020-11-30,FONDARELLA,11607,1790.9,,,17164,0,,false,
DGAN-2020-07-13,GANDESA,450,,,450,557,0,,false,
DGAN-2020-07-27,GANDESA,450,,,450,644,0,,false,
DGAN-2020-08-10,GANDESA,300,300,,,576,0,,false,
DGAN-2020-08-25,GANDESA,450,450,,450,,,,false,
DGAN-2020-09-07,GANDESA,428.57,428.57,,,,,Canvi Metodològic,false,
DGAN-2020-09-21,GANDESA,142.86,865.1,,,539,0,,true,
DGAN-2020-10-05,GANDESA,13855,442.99,,,537,0,,false,
DGAN-2020-10-19,GANDESA,3388,3579.5,,,580,0,,false,
DGAN-2020-11-02,GANDESA,23751,6777.3,,,430,0.1,,false,
DGAN-2020-11-16,GANDESA,12752,3010.6,,,683,0,,false,
DGAN-2020-11-30,GANDESA,5025.8,171.43,,,426,0.3,,false,
DGIR-2020-07-06,GIRONA,100,,100,100,56340,0,,false,
DGIR-2020-07-13,GIRONA,148.15,,148.15,148.15,45433,0,,false,
DGIR-2020-07-20,GIRONA,695.86,,768.68,148.15,43312,0,,false,
DGIR-2020-07-27,GIRONA,148.15,,8163.2,148.15,43748,0,,true,
DGIR-2020-08-03,GIRONA,3428.5,,148.15,,43974,0,,false,
DGIR-2020-08-10,GIRONA,2345,,452.94,,44862,0,,false,
DGIR-2020-08-17,GIRONA,904.67,,148.15,,40064.976,0,,false,
DGIR-2020-08-24,GIRONA,545140,,2812100,,41032,0,Canvi metodològic,false,
DGIR-2020-08-31,GIRONA,238910,,254770,,43391,0,,false,
DGIR-2020-09-07,GIRONA,505350,,765590,,43944,4.68,,false,
DGIR-2020-09-14,GIRONA,313210,,72409,,43919,,,false,
DGIR-2020-09-21,GIRONA,367970,,296560,,45343,,,false,
DGIR-2020-09-28,GIRONA,2842600,,1699000,,43568.784,,,false,
DGIR-2020-10-05,GIRONA,1873200,,821890,,44410.464,,,false,
DGIR-2020-10-12,GIRONA,1186600,,550620,,41875.344,,,false,
DGIR-2020-10-19,GIRONA,2475300,,155150,,41589.072,,,false,
DGIR-2020-10-26,GIRONA,10516000,,352130,,36017.856,,,false,
DGIR-2020-11-02,GIRONA,8588700,,1332200,,40355.28,,,false,
DGIR-2020-11-09,GIRONA,469930,,199190,,33873.84,,,false,
DGIR-2020-11-16,GIRONA,499380,,959310,,40777.632,,,false,
DGIR-2020-11-23,GIRONA,954330,,272260,,41401.584,,,false,
DGIR-2020-11-30,GIRONA,522680,,141150,,44381.232,,,false,
DGIR-2020-12-07,GIRONA,548620,,70880,,,,,false,
DGRA-2020-07-06,GRANOLLERS,148.15,,148.15,148.15,27820,0,,false,
DGRA-2020-07-13,GRANOLLERS,148.15,,1965.7,148.15,25376,0,,true,
DGRA-2020-07-20,GRANOLLERS,328.03,,658.49,148.15,22436,0,,false,
DGRA-2020-07-27,GRANOLLERS,3200.5,,19669,148.15,22592,0,,false,
DGRA-2020-08-03,GRANOLLERS,2741.2,,1326.6,,27776,0,,false,
DGRA-2020-08-10,GRANOLLERS,2193.7,,306.5,,18958,0,,false,
DGRA-2020-08-17,GRANOLLERS,7180.8,,2356.7,,19206,0,,false,
DGRA-2020-08-24,GRANOLLERS,1338300,,3257200,,18945,0,Canvi metodològic,false,
DGRA-2020-08-31,GRANOLLERS,2025500,,945190,,21976,0,,false,
DGRA-2020-09-07,GRANOLLERS,454120,,226910,,26000,0,,false,
DGRA-2020-09-14,GRANOLLERS,3463600,,180660,,22122,0,,false,
DGRA-2020-09-21,GRANOLLERS,1414700,,675830,,23774,0,,false,
DGRA-2020-09-28,GRANOLLERS,164060,,538500,,22782,0,,false,
DGRA-2020-10-05,GRANOLLERS,1411300,,1067200,,21988,0,,false,
DGRA-2020-10-12,GRANOLLERS,1377500,,328510,,19758,0,,false,
DGRA-2020-10-19,GRANOLLERS,2764900,,226640,,23964,0,,false,
DGRA-2020-10-26,GRANOLLERS,8929100,,738540,,23356,0,,false,
DGRA-2020-11-02,GRANOLLERS,9760500,,2040600,,22344,0,,false,
DGRA-2020-11-09,GRANOLLERS,1357100,,926420,,0,0,,false,
DGRA-2020-11-16,GRANOLLERS,426990,,545420,,21884,0,,false,
DGRA-2020-11-23,GRANOLLERS,637020,,211920,,22180,0,,false,
DGRA-2020-11-30,GRANOLLERS,677860,,574450,,23756,0,,false,
DGRA-2020-12-07,GRANOLLERS,830460,,418510,,24216,0,,false,
DGVC-2020-07-06,GAVÀ/VILADECANS,685.71,,,685.71,50568,0,,false,
DGVC-2020-07-13,GAVÀ/VILADECANS,3093,,,761.9,46000,0,,false,
DGVC-2020-07-20,GAVÀ/VILADECANS,3986.1,41552,,,463430,0,,false,
DGVC-2020-07-28,GAVÀ/VILADECANS,2922.8,10177,,,,,,false,
DGVC-2020-08-03,GAVÀ/VILADECANS,9047.2,10222,,,53170,0,,false,
DGVC-2020-08-10,GAVÀ/VILADECANS,1585,214.29,,,40615,0,,true,
DGVC-2020-08-17,GAVÀ/VILADECANS,72210,42454,,,40600,0,,false,
DGVC-2020-08-24,GAVÀ/VILADECANS,117950,27345,,,420830,0,,false,
DGVC-2020-08-31,GAVÀ/VILADECANS,11205,2302.2,,,40000,0,,false,
DGVC-2020-09-07,GAVÀ/VILADECANS,11146,1255.5,,,50000,0,,false,
DGVC-2020-09-14,GAVÀ/VILADECANS,4295.6,25567,,,40880,0,,false,
DGVC-2020-09-21,GAVÀ/VILADECANS,3373.5,954.96,,,452650,0,,false,
DGVC-2020-09-28,GAVÀ/VILADECANS,7473.2,11769,,,406210,0,,false,
DGVC-2020-10-05,GAVÀ/VILADECANS,8654.4,10138,,,42000,0,,false,
DGVC-2020-10-12,GAVÀ/VILADECANS,35535,19369,,,58700,70,,false,
DGVC-2020-10-19,GAVÀ/VILADECANS,11524,12266,,,50920,0,,false,
DGVC-2020-10-26,GAVÀ/VILADECANS,11549,14015,,,47558,0,,false,
DGVC-2020-11-03,GAVÀ/VILADECANS,47294,50549,,,,,,false,
DGVC-2020-11-10,GAVÀ/VILADECANS,35503,26549,,,,,,false,
DGVC-2020-11-16,GAVÀ/VILADECANS,497.19,1670.7,,,43291,0,,true,
DGVC-2020-11-23,GAVÀ/VILADECANS,16910,7596.4,,,44785,0,,true,
DGVC-2020-11-30,GAVÀ/VILADECANS,1973.8,15881,,,52102,0,,false,
DGVC-2020-12-07,GAVÀ/VILADECANS,6296.7,7540.8,,,,,,false,
DIGU-2020-07-06,IGUALADA,489.8,,,489.8,26570,0,,false,
DIGU-2020-07-13,IGUALADA,5860.7,,,714.29,257160,0,,true,
DIGU-2020-07-20,IGUALADA,214.29,214.29,,,23990,0,,false,
DIGU-2020-07-28,IGUALADA,214.29,214.29,,,,,,false,
DIGU-2020-08-03,IGUALADA,62475,571.43,,,24389,0,Valor confirmat,false,
DIGU-2020-08-10,IGUALADA,16750,257.14,,,20814,0,,true,
DIGU-2020-08-17,IGUALADA,11840,8569.1,,,21330,0,,false,
DIGU-2020-08-24,IGUALADA,7116.7,336.25,,,19130,0,,false,
DIGU-2020-08-31,IGUALADA,37592,10623,,,22456,0,,false,
DIGU-2020-09-07,IGUALADA,82467,2889.9,,,21450,,,false,
DIGU-2020-09-14,IGUALADA,6590.5,396.43,,,22490,,,true,
DIGU-2020-09-21,IGUALADA,654.55,353.57,,,24270,,,true,
DIGU-2020-09-28,IGUALADA,528.53,6488.8,,,19993,,,true,
DIGU-2020-10-05,IGUALADA,679.92,4424,,,21115,,,false,
DIGU-2020-10-12,IGUALADA,10315,6442.3,,,19989,,,true,
DIGU-2020-10-19,IGUALADA,4351.9,264.2,,,20745,,,true,
DIGU-2020-10-26,IGUALADA,1855.5,364.29,,,21947,,,true,
DIGU-2020-11-02,IGUALADA,6128.8,420.95,,,20590,,,false,
DIGU-2020-11-10,IGUALADA,3967.8,6871,,,,,,false,
DIGU-2020-11-16,IGUALADA,4728,55545,,,,,,false,
DIGU-2020-11-23,IGUALADA,26040,7133.6,,,23596,,,false,
DIGU-2020-11-30,IGUALADA,736.23,446.43,,,,,,true,
DIGU-2020-12-07,IGUALADA,29609,5117.8,,,,,,false,
DLDM-2020-07-06,LLORET_DE_MAR,609.52,,,609.52,13880,0,,false,
DLDM-2020-07-20,LLORET_DE_MAR,3444.4,1293.1,,,12480,0,,false,
DLDM-2020-08-03,LLORET_DE_MAR,314.99,137.14,,,17000,0,,true,
DLDM-2020-08-17,LLORET_DE_MAR,22631,752.39,,,14000,0,,false,
DLDM-2020-08-31,LLORET_DE_MAR,206130,42724,,,13430,0,,false,
DLDM-2020-09-14,LLORET_DE_MAR,5047.5,6477.7,,,10510,0,,false,
DLDM-2020-09-28,LLORET_DE_MAR,1631.8,3024.9,,,11450,0,,false,
DLDM-2020-10-12,LLORET_DE_MAR,13343,3544.5,,,9130,0,,false,
DLDM-2020-10-26,LLORET_DE_MAR,6270.4,16469,,,8380,0,,false,
DLDM-2020-11-10,LLORET_DE_MAR,24086,21156,,,,,,false,
DLDM-2020-11-23,LLORET_DE_MAR,12685,4203.2,,,7620,0,,false,
DLDM-2020-12-07,LLORET_DE_MAR,9701.9,1595.5,,,,,,false,
DLLE-2020-07-06,LLEIDA,51557,,,115030,62042,0,,false,
DLLE-2020-07-13,LLEIDA,17983,,,450,67036,0,,false,
DLLE-2020-07-20,LLEIDA,8214.1,,,540,65165,0,,false,
DLLE-2020-07-27,LLEIDA,211560,,,62244,62624,0,,false,
DLLE-2020-08-03,LLEIDA,480,480,,,63580,0,,false,
DLLE-2020-08-10,LLEIDA,9398.6,300,,,65984,,,false,
DLLE-2020-08-17,LLEIDA,12135,420,,420,67815,,Valor Puntual,false,
DLLE-2020-08-25,LLEIDA,727.07,450,,450,,,,false,
DLLE-2020-08-31,LLEIDA,10761,142.86,,,64364,0,Canvi metodològic,false,
DLLE-2020-09-07,LLEIDA,1714.7,178.57,,,66657,0,,true,
DLLE-2020-09-14,LLEIDA,214.29,214.29,,,70292,0,,false,
DLLE-2020-09-21,LLEIDA,16749,142.86,,,71275,0,,true,
DLLE-2020-09-28,LLEIDA,4862.3,171.43,,,59994,0,,false,
DLLE-2020-10-05,LLEIDA,78268,11867,,,53279,0,,false,
DLLE-2020-10-12,LLEIDA,33872,34250,,,46199,0,,false,
DLLE-2020-10-19,LLEIDA,14024,54647,,,42177,0,,false,
DLLE-2020-10-26,LLEIDA,19874,3931,,,34275,0,,false,
DLLE-2020-11-02,LLEIDA,70095,148540,,,45652,0,,false,
DLLE-2020-11-09,LLEIDA,17305,4646.1,,,41515,0,,false,
DLLE-2020-11-16,LLEIDA,54989,62081,,,36138,0,,false,
DLLE-2020-11-23,LLEIDA,45219,38669,,,43824,0,,false,
DLLE-2020-11-30,LLEIDA,39664,21130,,,37646,,,false,
DLLE-2020-12-07,LLEIDA,15307,15142,,,,,,false,
DLLL-2020-07-06,LLAGOSTA_LA,100,,1011.1,100,34620,0,,true,
DLLL-2020-07-20,LLAGOSTA_LA,3099.4,,2811.3,148.15,35242,0,,false,
DLLL-2020-08-03,LLAGOSTA_LA,5854.1,,6963.8,,27565,0,,false,
DLLL-2020-08-17,LLAGOSTA_LA,4297.7,,8836.1,,28289,0,,false,
DLLL-2020-08-31,LLAGOSTA_LA,34246,,9327.3,,30000,0,,false,
DLLL-2020-09-14,LLAGOSTA_LA,169490,,90612,,29989,0,,false,
DLLL-2020-09-28,LLAGOSTA_LA,136200,,135320,,28270,0,,false,
DLLL-2020-10-12,LLAGOSTA_LA,2501400,,265150,,24041,0,,false,
DLLL-2020-10-26,LLAGOSTA_LA,3642900,,904890,,29449,0,,false,
DLLL-2020-11-09,LLAGOSTA_LA,704720,,445820,,31388,0,,false,
DLLL-2020-11-23,LLAGOSTA_LA,468830,,141170,,32294,0,,false,
DLLL-2020-12-07,LLAGOSTA_LA,332840,,53386,,,,,false,
DMAN-2020-07-13,MANLLEU,1658.7,,,400,9582,0,,true,
DMAN-2020-07-20,MANLLEU,228.57,228.57,,,8226,0,,false,
DMAN-2020-07-28,MANLLEU,1045.5,246.43,,,,,,false,
DMAN-2020-08-03,MANLLEU,321.43,321.43,,,8559,0,,false,
DMAN-2020-08-10,MANLLEU,18341,1243.9,,,5886,0,,false,
DMAN-2020-08-17,MANLLEU,43228,26672,,,6268,0,,false,
DMAN-2020-08-24,MANLLEU,204110,59817,,,6091,0,,false,
DMAN-2020-08-31,MANLLEU,212600,54895,,,8317,0,,false,
DMAN-2020-09-07,MANLLEU,54808,18937,,,6304,0,,false,
DMAN-2020-09-14,MANLLEU,7644.5,4963.4,,,6407,0,,false,
DMAN-2020-09-21,MANLLEU,16317,6344.8,,,10578,22.4,,false,
DMAN-2020-09-28,MANLLEU,24212,13135,,,5649,0,,false,
DMAN-2020-10-05,MANLLEU,24375,28534,,,5508,0,,false,
DMAN-2020-10-12,MANLLEU,44064,27709,,,4976,0,,false,
DMAN-2020-10-19,MANLLEU,76066,90050,,,5502,0,,false,
DMAN-2020-10-26,MANLLEU,72081,39599,,,6781,0,,false,
DMAN-2020-11-02,MANLLEU,78733,22873,,,4818,0,,false,
DMAN-2020-11-10,MANLLEU,17045,23072,,,,,,false,
DMAN-2020-11-16,MANLLEU,48013,47262,,,4906,0,,false,
DMAN-2020-11-23,MANLLEU,7180.8,8366.1,,,,,,false,
DMAN-2020-11-30,MANLLEU,59998,111290,,,,,,false,
DMAN-2020-12-07,MANLLEU,129050,51669,,,,,,false,
DMAS-2020-07-06,MANRESA,1454.8,,,548.57,20175,0,,false,
DMAS-2020-07-13,MANRESA,894.9,,,400,23615,0,,true,
DMAS-2020-07-20,MANRESA,328.57,1645.6,,,20787,0,,true,
DMAS-2020-07-28,MANRESA,235.71,1478.1,,,,,,false,
DMAS-2020-08-03,MANRESA,28893,281170,,,20931,0,,false,
DMAS-2020-08-10,MANRESA,32898,1366.8,,,21378,0,,false,
DMAS-2020-08-17,MANRESA,11433,14040,,,21344,0,,false,
DMAS-2020-08-24,MANRESA,81448,11090,,,21398,0,,false,
DMAS-2020-08-31,MANRESA,44486,23528,,,18410,0,,false,
DMAS-2020-09-07,MANRESA,17967,5377.7,,,24046,10.9,,false,
DMAS-2020-09-14,MANRESA,15455,7687.8,,,21883,0,,false,
DMAS-2020-09-21,MANRESA,4695.8,11640,,,23158,0,,false,
DMAS-2020-09-28,MANRESA,9047.1,4571.3,,,21105,0,,false,
DMAS-2020-10-05,MANRESA,147230,303610,,,21750,0,,false,
DMAS-2020-10-12,MANRESA,41246,8429.6,,,19982,0,,false,
DMAS-2020-10-19,MANRESA,34597,37311,,,22207,0,,false,
DMAS-2020-10-26,MANRESA,34412,14280,,,223000,0,,false,
DMAS-2020-11-02,MANRESA,52202,60377,,,21088,0,,false,
DMAS-2020-11-10,MANRESA,10336,24704,,,,,,false,
DMAS-2020-11-16,MANRESA,9182.9,22757,,,20433,0,,false,
DMAS-2020-11-23,MANRESA,96151,50600,,,20596,0,,false,
DMAS-2020-11-30,MANRESA,10336,42621,,,22133,0,,false,
DMAS-2020-12-07,MANRESA,87687,16292,,,,,,false,
DMAT-2020-07-06,MATARÓ,2401,,,952.38,28803,0,,false,
DMAT-2020-07-13,MATARÓ,22319,,,714.29,28091,2,,false,
DMAT-2020-07-20,MATARÓ,1911.9,6147.7,,,26500,0,,false,
DMAT-2020-07-28,MATARÓ,5041.7,10366,,,,,,false,
DMAT-2020-08-03,MATARÓ,118950,538050,,,28860,14,,false,
DMAT-2020-08-10,MATARÓ,22858,5889.8,,,21018,0,,false,
DMAT-2020-08-17,MATARÓ,105720,35856,,,21700,0,,false,
DMAT-2020-08-24,MATARÓ,17571,61309,,,22524,0,,false,
DMAT-2020-08-31,MATARÓ,100740,60510,,,23000,0,,false,
DMAT-2020-09-07,MATARÓ,36892,2733.3,,,25000,0,,false,
DMAT-2020-09-14,MATARÓ,26184,7704.1,,,25276,0,,false,
DMAT-2020-09-21,MATARÓ,12767,16665,,,25000,9.8,,false,
DMAT-2020-09-28,MATARÓ,6915,1623.4,,,23341,0,,false,
DMAT-2020-10-05,MATARÓ,22662,29183,,,25400,0,,false,
DMAT-2020-10-12,MATARÓ,96808,79762,,,23169,0,,false,
DMAT-2020-10-19,MATARÓ,168000,133860,,,26146,0,,false,
DMAT-2020-10-26,MATARÓ,76556,126110,,,25200,0,,false,
DMAT-2020-11-02,MATARÓ,276300,30888,,,24800,0,,false,
DMAT-2020-11-10,MATARÓ,13365,27684,,,,,,false,
DMAT-2020-11-16,MATARÓ,32648,33763,,,24800,0,,false,
DMAT-2020-11-23,MATARÓ,23289,61619,,,25900,0,,false,
DMAT-2020-11-30,MATARÓ,10867,17337,,,28900,0,,false,
DMAT-2020-12-07,MATARÓ,249710,55749,,,,,,false,
DMDV-2020-07-13,MONTORNÈS_DEL_VALLÈS,2071,,148.15,148.15,36382,0,,true,
DMDV-2020-07-27,MONTORNÈS_DEL_VALLÈS,148.15,,3428,148.15,32959,0,,true,
DMDV-2020-08-10,MONTORNÈS_DEL_VALLÈS,3139.7,,148.15,,26758,0,,false,
DMDV-2020-08-24,MONTORNÈS_DEL_VALLÈS,215470,,78178,,29837,,Canvi metodològic,false,
DMDV-2020-09-07,MONTORNÈS_DEL_VALLÈS,214660,,48525,,43300,14.3,,false,
DMDV-2020-09-21,MONTORNÈS_DEL_VALLÈS,148650,,110180,,40355,2.9,,false,
DMDV-2020-10-05,MONTORNÈS_DEL_VALLÈS,1007100,,1216200,,30438,0,,false,
DMDV-2020-10-19,MONTORNÈS_DEL_VALLÈS,241280,,29878,,29940,0,,false,
DMDV-2020-11-02,MONTORNÈS_DEL_VALLÈS,5945200,,1138600,,29466,0,,false,
DMDV-2020-11-16,MONTORNÈS_DEL_VALLÈS,386740,,382430,,28602,0,,false,
DMDV-2020-11-30,MONTORNÈS_DEL_VALLÈS,102770,,137240,,31632,0,,false,
DMIR-2020-07-06,MONTCADA,100,,112.76,100,56558,0,,true,
DMIR-2020-07-13,MONTCADA,148.15,,210.79,148.15,50771,0,,true,
DMIR-2020-07-20,MONTCADA,596.01,,148.15,148.15,525020,0,,true,
DMIR-2020-07-27,MONTCADA,1918.7,,148.15,148.15,51486,0,,false,
DMIR-2020-08-03,MONTCADA,148.15,,148.15,,59127,2.4,,false,
DMIR-2020-08-10,MONTCADA,148.15,,2800.3,,42901,0,,false,
DMIR-2020-08-17,MONTCADA,148.15,,98219,,45759,0,,false,
DMIR-2020-08-24,MONTCADA,758090,,996750,,44148,0,Canvi metodològic,false,
DMIR-2020-08-31,MONTCADA,125260,,77337,,49795,0,,false,
DMIR-2020-09-07,MONTCADA,434520,,827750,,64695,9.2,,false,
DMIR-2020-09-14,MONTCADA,322690,,79672,,51378,0,,false,
DMIR-2020-09-21,MONTCADA,188740,,110010,,55658,14.1,,false,
DMIR-2020-09-28,MONTCADA,192870,,236340,,49198,0,,false,
DMIR-2020-10-05,MONTCADA,1942300,,314520,,54292,0,,false,
DMIR-2020-10-12,MONTCADA,629130,,254480,,51197,0,,false,
DMIR-2020-10-19,MONTCADA,1261100,,67447,,54878,0,,false,
DMIR-2020-10-26,MONTCADA,6574200,,679850,,53684,0,,false,
DMIR-2020-11-02,MONTCADA,7799000,,1467600,,55068,0,,false,
DMIR-2020-11-09,MONTCADA,843840,,329710,,53704,0,,false,
DMIR-2020-11-16,MONTCADA,427200,,772840,,,,,false,
DMIR-2020-11-23,MONTCADA,306660,,82071,,52048,0,,false,
DMIR-2020-11-30,MONTCADA,286270,,102770,,0,0,,false,
DMIR-2020-12-07,MONTCADA,847400,,303500,,,,,false,
DMLN-2020-07-06,MÓRA_D'EBRE/MÓRA_LA_NOVA,450,,,450,1420.67,0,,false,
DMLN-2020-07-20,MÓRA_D'EBRE/MÓRA_LA_NOVA,420,,,420,1593,0,,false,
DMLN-2020-08-03,MÓRA_D'EBRE/MÓRA_LA_NOVA,480,480,,,1603,0,,false,
DMLN-2020-08-17,MÓRA_D'EBRE/MÓRA_LA_NOVA,360,360,,360,1743,0,,false,
DMLN-2020-08-31,MÓRA_D'EBRE/MÓRA_LA_NOVA,400,400,,,1630,0,,false,
DMLN-2020-09-14,MÓRA_D'EBRE/MÓRA_LA_NOVA,2097,505.51,,,,,,false,
DMLN-2020-09-28,MÓRA_D'EBRE/MÓRA_LA_NOVA,8762.7,171.43,,,,,,false,
DMLN-2020-10-12,MÓRA_D'EBRE/MÓRA_LA_NOVA,51491,52624,,,1584.18,0,,false,
DMLN-2020-10-26,MÓRA_D'EBRE/MÓRA_LA_NOVA,3609.4,171.43,,,1619.01,0,,false,
DMLN-2020-11-09,MÓRA_D'EBRE/MÓRA_LA_NOVA,3005.3,171.43,,,1589.7,0,,false,
DMLN-2020-11-23,MÓRA_D'EBRE/MÓRA_LA_NOVA,19969,13079,,,,,Data de concentració 26/11/20 perquè va arribar el dia 25/11/20 a les 17h,false,
DMLN-2020-12-07,MÓRA_D'EBRE/MÓRA_LA_NOVA,1382.8,142.86,,,,,,true,
DMOB-2020-07-13,MONTBLANC,450,,,450,1281,2,,false,
DMOB-2020-07-27,MONTBLANC,450,,,450,1119,0,,false,
DMOB-2020-08-10,MONTBLANC,300,300,,,1164,0,,false,
DMOB-2020-08-25,MONTBLANC,450,450,,450,,,,false,
DMOB-2020-09-07,MONTBLANC,3958.4,228.57,,,1083,0.5,Canvi Metodològic,false,
DMOB-2020-09-21,MONTBLANC,142.86,142.86,,,964,14,,false,
DMOB-2020-10-05,MONTBLANC,54753,4119,,,941,0,,false,
DMOB-2020-10-19,MONTBLANC,19211,128340,,,914,0,,false,
DMOB-2020-11-02,MONTBLANC,63247,12808,,,949,0,No vam tenir suficient mostra com per analitzar les Cts de la mostra sense diluir (N1 i N2). Els valors fiables són els de les dilucions 1/10.,false,
DMOB-2020-11-16,MONTBLANC,563.67,195,,,915,0,,true,
DMOB-2020-11-30,MONTBLANC,28438,6915.9,,,917,0,,false,
DMOF-2020-07-06,MONTFERRER,450,,,450,4108,0,,false,
DMOF-2020-07-13,MONTFERRER,450,,,450,,,,false,
DMOF-2020-07-20,MONTFERRER,5129,,,600,3374,0,,false,
DMOF-2020-07-27,MONTFERRER,450,,,450,3627,0,,false,
DMOF-2020-08-03,MONTFERRER,300,300,,,3873,0,,false,
DMOF-2020-08-10,MONTFERRER,300,300,,,3634,0,,false,
DMOF-2020-08-17,MONTFERRER,11467,300,,23826,3922,0,,false,
DMOF-2020-08-25,MONTFERRER,450,450,,450,,,,false,
DMOF-2020-08-31,MONTFERRER,1315.8,300,,,2910,0,,true,
DMOF-2020-09-07,MONTFERRER,6621.7,22517,,,,,Canvi Metodològic,false,
DMOF-2020-09-14,MONTFERRER,4092.8,251.72,,,3500,0,,false,
DMOF-2020-09-21,MONTFERRER,995.25,142.86,,,3910,0,,false,
DMOF-2020-09-28,MONTFERRER,861.66,171.43,,,4611,0,,false,
DMOF-2020-10-05,MONTFERRER,90281,34235,,,3640,0,,false,
DMOF-2020-10-12,MONTFERRER,40824,29251,,,3820,0,,false,
DMOF-2020-10-20,MONTFERRER,54127,166070,,,,,,false,
DMOF-2020-10-26,MONTFERRER,71107,49035,,,,,,false,
DMOF-2020-11-02,MONTFERRER,247790,243990,,,,,,false,
DMOF-2020-11-09,MONTFERRER,66112,56382,,,3597,0,,false,
DMOF-2020-11-16,MONTFERRER,1249500,410400,,,2094,0,,false,
DMOF-2020-11-23,MONTFERRER,64310,11067,,,2171,0,,false,
DMOF-2020-11-30,MONTFERRER,109340,60274,,,,,,false,
DMOF-2020-12-07,MONTFERRER,101480,274220,,,,,,false,
DMRT-2020-07-06,MARTORELL,148.15,,148.15,148.15,8379,0,,false,
DMRT-2020-07-13,MARTORELL,148.15,,148.15,148.15,7907,,,false,
DMRT-2020-07-20,MARTORELL,353.13,,458.32,148.15,8532,0,,false,
DMRT-2020-07-27,MARTORELL,412.83,,1280.3,148.15,7738,0,,false,
DMRT-2020-08-03,MARTORELL,2873.1,,148.15,,7982,0,Valor Puntual,false,
DMRT-2020-08-10,MARTORELL,5838.3,,531.54,,6716,0,,false,
DMRT-2020-08-17,MARTORELL,15558,,98219,,6998,,,false,
DMRT-2020-08-24,MARTORELL,2009800,,5127200,,6681,0,Canvi metodològic,false,
DMRT-2020-08-31,MARTORELL,128530,,492980,,7295,0,,false,
DMRT-2020-09-07,MARTORELL,344510,,249730,,8967,9,,false,
DMRT-2020-09-14,MARTORELL,85255,,12575,,7790,0,,false,
DMRT-2020-09-21,MARTORELL,443860,,136400,,8534,2,,false,
DMRT-2020-09-28,MARTORELL,115360,,52261,,7522,0,,false,
DMRT-2020-10-05,MARTORELL,2954000,,756240,,7459,0,,false,
DMRT-2020-10-12,MARTORELL,1822200,,257300,,7018,0,,false,
DMRT-2020-10-19,MARTORELL,4943300,,1554600,,7521,0,,false,
DMRT-2020-10-26,MARTORELL,6630400,,208280,,7588,0,,false,
DMRT-2020-11-02,MARTORELL,8157400,,981430,,7465,0,,false,
DMRT-2020-11-09,MARTORELL,566590,,151610,,8617,0,,false,
DMRT-2020-11-16,MARTORELL,1466200,,1210100,,8644,0,,false,
DMRT-2020-11-23,MARTORELL,662120,,165000,,8560,0,,false,
DMRT-2020-11-30,MARTORELL,1303100,,1852600,,8144,0,,false,
DMRT-2020-12-07,MARTORELL,1653500,,533880,,,,,false,
DOLO-2020-07-06,OLOT,1632.5,,,457.14,16839,0,,false,
DOLO-2020-07-13,OLOT,7090.6,,,342.86,17244,5,,false,
DOLO-2020-07-20,OLOT,71289,9754.8,,,15254,0,,false,
DOLO-2020-07-28,OLOT,1938.7,718.58,,,,,,false,
DOLO-2020-08-03,OLOT,3144.4,1334.9,,,15679,0,,false,
DOLO-2020-08-10,OLOT,19900,964.29,,,14482,0,,false,
DOLO-2020-08-17,OLOT,10910,3034,,,14575,0.2,,false,
DOLO-2020-08-24,OLOT,4560.9,535.71,,,14268,0,,true,
DOLO-2020-08-31,OLOT,321.43,321.43,,,15421,0,,false,
DOLO-2020-09-08,OLOT,4974.8,407.14,,,,,,true,
DOLO-2020-09-14,OLOT,904.05,1291,,,15492,0,,false,
DOLO-2020-09-21,OLOT,7292.1,9770.4,,,17418,30,,false,
DOLO-2020-09-28,OLOT,3612.2,8239.5,,,14833,0,,false,
DOLO-2020-10-05,OLOT,23346,26321,,,15451,0,,false,
DOLO-2020-10-12,OLOT,5138.4,5314.9,,,13860,0,,false,
DOLO-2020-10-19,OLOT,21270,20004,,,17566,0,,false,
DOLO-2020-10-26,OLOT,60688,59874,,,15594,0,,false,
DOLO-2020-11-02,OLOT,28141,10555,,,15009,0,,false,
DOLO-2020-11-10,OLOT,7307.1,6957.2,,,,,,false,
DOLO-2020-11-16,OLOT,5619.2,13558,,,14555,0,,false,
DOLO-2020-11-23,OLOT,33673,35522,,,13066,0,,false,
DOLO-2020-11-30,OLOT,30081,49813,,,19846,0,,false,
DOLO-2020-12-07,OLOT,35079,7897,,,,,,false,
DPAM-2020-07-13,PALAMÓS,400,,,400,18943,0,,false,
DPAM-2020-07-28,PALAMÓS,192.86,192.86,,,,,,false,
DPAM-2020-08-10,PALAMÓS,4155.2,375,,,23558,0,,true,
DPAM-2020-08-24,PALAMÓS,5940.1,321.43,,,20431,0,,true,
DPAM-2020-09-07,PALAMÓS,8722.6,755.94,,,18499,0,,false,
DPAM-2020-09-21,PALAMÓS,428.57,708.53,,,14708,0,,true,
DPAM-2020-10-05,PALAMÓS,2276.6,9909.4,,,13964,0,,false,
DPAM-2020-10-19,PALAMÓS,100310,180080,,,13467,0,,false,
DPAM-2020-10-26,PALAMÓS,105510,229460,,,14221,0,,false,
DPAM-2020-11-02,PALAMÓS,62351,65159,,,12976,0,,false,
DPAM-2020-11-10,PALAMÓS,13559,21134,,,,,,false,
DPAM-2020-11-16,PALAMÓS,4039.6,12328,,,13225,0,,false,
DPAM-2020-11-23,PALAMÓS,101150,159130,,,12869,0,,false,
DPAM-2020-11-30,PALAMÓS,36117,76850,,,17858,0,,false,
DPAM-2020-12-07,PALAMÓS,27724,10634,,,,,,false,
DPDL-2020-07-06,PRAT_DE_LLOBREGAT_EL,100,,100,100,227360,0,,false,
DPDL-2020-07-13,PRAT_DE_LLOBREGAT_EL,3233.5,,165.85,148.15,213456,0.5,,false,
DPDL-2020-07-20,PRAT_DE_LLOBREGAT_EL,10293,,2244.3,148.15,233112,0,,false,
DPDL-2020-07-27,PRAT_DE_LLOBREGAT_EL,16479,,23135,148.15,226127,0,,false,
DPDL-2020-08-03,PRAT_DE_LLOBREGAT_EL,606.21,,148.15,,242497,0,,false,
DPDL-2020-08-10,PRAT_DE_LLOBREGAT_EL,30006,,186.21,,198944,0,,false,
DPDL-2020-08-17,PRAT_DE_LLOBREGAT_EL,148.15,,227790,,212168,0,,false,
DPDL-2020-08-24,PRAT_DE_LLOBREGAT_EL,425740,,697870,,193632,0,Canvi metodològic,false,
DPDL-2020-08-31,PRAT_DE_LLOBREGAT_EL,432660,,394880,,194551,0,,false,
DPDL-2020-09-07,PRAT_DE_LLOBREGAT_EL,378670,,646190,,249858.28,0,,false,
DPDL-2020-09-14,PRAT_DE_LLOBREGAT_EL,490050,,555580,,227665.85,0,,false,
DPDL-2020-09-21,PRAT_DE_LLOBREGAT_EL,805420,,523790,,288481,0,,false,
DPDL-2020-09-28,PRAT_DE_LLOBREGAT_EL,324450,,55254,,216423,0,,false,
DPDL-2020-10-05,PRAT_DE_LLOBREGAT_EL,719080,,161220,,216000,0,,false,
DPDL-2020-10-12,PRAT_DE_LLOBREGAT_EL,1026600,,96372,,231869,0,,false,
DPDL-2020-10-19,PRAT_DE_LLOBREGAT_EL,1635300,,151480,,239834,0,,false,
DPDL-2020-10-26,PRAT_DE_LLOBREGAT_EL,2665100,,171850,,239834,0,,false,
DPDL-2020-11-02,PRAT_DE_LLOBREGAT_EL,7251200,,687320,,197152,0,,false,
DPDL-2020-11-09,PRAT_DE_LLOBREGAT_EL,820000,,102950,,199518,0,Molta materia suspensió en conseqüència molta inhibició particularment IP4,false,
DPDL-2020-11-16,PRAT_DE_LLOBREGAT_EL,881570,,253610,,190318,0,Molta materia suspensió en conseqüència molta inhibició particularment IP4,false,
DPDL-2020-11-23,PRAT_DE_LLOBREGAT_EL,449750,,120280,,202089,0,Molta materia suspensió en conseqüència molta inhibició particularment IP4,false,
DPDL-2020-11-30,PRAT_DE_LLOBREGAT_EL,546710,,30846,,229811,0,Molta materia suspensió en conseqüència molta inhibició particularment IP4,false,
DPDL-2020-12-07,PRAT_DE_LLOBREGAT_EL,496090,,63410,,16640,0,Molta materia suspensió en conseqüència molta inhibició particularment IP4,false,
DPSU-2020-07-13,PONT_DE_SUERT_EL,2249.1,,,2183.4,940,17.2,,false,
DPSU-2020-07-27,PONT_DE_SUERT_EL,62226,,,450,976,0,,false,
DPSU-2020-08-10,PONT_DE_SUERT_EL,300,300,,,1088,0.5,,false,
DPSU-2020-08-25,PONT_DE_SUERT_EL,450,450,,450,,,,false,
DPSU-2020-09-07,PONT_DE_SUERT_EL,178.57,178.57,,,1008,0,Canvi Metodològic,false,
DPSU-2020-09-21,PONT_DE_SUERT_EL,142.86,142.86,,,1126,10.8,,false,
DPSU-2020-10-05,PONT_DE_SUERT_EL,171.43,4634.5,,,928,0,,false,
DPSU-2020-10-20,PONT_DE_SUERT_EL,28995,76408,,,,,,false,
DPSU-2020-11-02,PONT_DE_SUERT_EL,562.12,6614.2,,,968,0,,false,
DPSU-2020-11-16,PONT_DE_SUERT_EL,21757,23071,,,920,0,,false,
DPSU-2020-11-30,PONT_DE_SUERT_EL,1553.5,3080.2,,,874,0,,false,
DPUI-2020-07-06,PUIGCERDÀ,148.15,,148.15,148.15,9134,0,,false,
DPUI-2020-07-13,PUIGCERDÀ,241.37,,148.15,148.15,9814,5.3,,true,
DPUI-2020-07-20,PUIGCERDÀ,148.15,,148.15,148.15,11502,2.4,,false,
DPUI-2020-07-27,PUIGCERDÀ,439.7,,19063,148.15,9990,0,,false,
DPUI-2020-08-03,PUIGCERDÀ,606.21,,148.15,,8228,0,Valor Puntual,false,
DPUI-2020-08-10,PUIGCERDÀ,2394.4,,1612.2,,12203,0.1,,false,
DPUI-2020-08-17,PUIGCERDÀ,3442.4,,2122.4,,9739,0,,true,
DPUI-2020-08-24,PUIGCERDÀ,141560,,116870,,8659,0,Canvi metodològic,false,
DPUI-2020-08-31,PUIGCERDÀ,264850,,867630,,12768,0.1,,false,
DPUI-2020-09-07,PUIGCERDÀ,2100400,,559780,,,,,false,
DPUI-2020-09-14,PUIGCERDÀ,866530,,297120,,7780,0,,false,
DPUI-2020-09-21,PUIGCERDÀ,1755000,,340510,,9263,3.4,,false,
DPUI-2020-09-28,PUIGCERDÀ,1163000,,232830,,7219,0,,false,
DPUI-2020-10-05,PUIGCERDÀ,811010,,66309,,5986,0,,false,
DPUI-2020-10-12,PUIGCERDÀ,1185900,,469020,,6811,0.2,,false,
DPUI-2020-10-19,PUIGCERDÀ,200960,,47181,,5990,0,,false,
DPUI-2020-10-26,PUIGCERDÀ,2591800,,393340,,6025,1.7,,false,
DPUI-2020-11-02,PUIGCERDÀ,2278100,,686280,,4702,0,,false,
DPUI-2020-11-09,PUIGCERDÀ,1094500,,1702200,,5677,0,,false,
DPUI-2020-11-16,PUIGCERDÀ,250070,,191970,,4914,0,,false,
DPUI-2020-11-23,PUIGCERDÀ,535910,,359970,,5155,0,,false,
DPUI-2020-11-30,PUIGCERDÀ,673640,,274710,,5462,0,,false,
DPUI-2020-12-07,PUIGCERDÀ,1325500,,157990,,,,,false,
DRIP-2020-07-06,RIPOLL,457.14,,,457.14,6681,0,,false,
DRIP-2020-07-13,RIPOLL,10891,,,257.14,8802,10,,false,
DRIP-2020-07-20,RIPOLL,6422,451.47,,,6316,0,,false,
DRIP-2020-07-28,RIPOLL,4821.7,8148.2,,,,,,false,
DRIP-2020-08-03,RIPOLL,17236,285.71,,,6006,0,,true,
DRIP-2020-08-10,RIPOLL,5656.2,5480.1,,,5694,0,,false,
DRIP-2020-08-17,RIPOLL,407.14,407.14,,,5601,0,,false,
DRIP-2020-08-24,RIPOLL,213.6,421.62,,,5755,0,,false,
DRIP-2020-08-31,RIPOLL,8801.9,6434.7,,,9686,0,,false,
DRIP-2020-09-07,RIPOLL,11988,6374.7,,,6965,0,,false,
DRIP-2020-09-14,RIPOLL,2370.1,2526.5,,,6477,0,,false,
DRIP-2020-09-21,RIPOLL,1022.5,470.33,,,10775,10,,false,
DRIP-2020-09-28,RIPOLL,1042.8,1649.3,,,6009,0,,false,
DRIP-2020-10-05,RIPOLL,3587.5,1122.6,,,6870,0,,false,
DRIP-2020-10-12,RIPOLL,8988.8,5819.7,,,6744,0,,false,
DRIP-2020-10-19,RIPOLL,29011,23538,,,6921,0,,false,
DRIP-2020-10-26,RIPOLL,35534,34631,,,6709,0,,false,
DRIP-2020-11-02,RIPOLL,9088.2,4971,,,6181,0,,false,
DRIP-2020-11-10,RIPOLL,4560.9,3915.2,,,,,,false,
DRIP-2020-11-16,RIPOLL,12929,4775.5,,,5945,0,,false,
DRIP-2020-11-23,RIPOLL,26282,37310,,,5549,0,,false,
DRIP-2020-11-30,RIPOLL,64453,102730,,,,,,false,
DRIP-2020-12-07,RIPOLL,47397,12022,,,,,,false,
DRSS-2020-07-06,ROSES,100,,100,100,8385,0,,false,
DRSS-2020-07-20,ROSES,417.9,,291.5,148.15,9754,0,,false,
DRSS-2020-08-03,ROSES,148.15,,148.15,,9750,0,,false,
DRSS-2020-08-17,ROSES,1260.1,,81577,,10483,0,,false,
DRSS-2020-08-31,ROSES,50676,,61446,,7997,0,,false,
DRSS-2020-09-14,ROSES,31883,,25989,,7233,0,,false,
DRSS-2020-09-28,ROSES,216530,,53155,,,,,false,
DRUB-2020-07-06,RUBÍ,148.15,,148.15,148.15,26536,0,,false,
DRUB-2020-07-13,RUBÍ,148.15,,148.15,148.15,25278,2,,false,
DRUB-2020-07-20,RUBÍ,695.86,,1045.8,148.15,22360,0,,false,
DRUB-2020-07-27,RUBÍ,148.15,,263.96,148.15,25134,0,,true,
DRUB-2020-08-03,RUBÍ,7790.8,,972.37,,254780,0,,false,
DRUB-2020-08-10,RUBÍ,805.78,,166.7,,21126,0,,false,
DRUB-2020-08-17,RUBÍ,13380,,29168,,23398,0,,false,
DRUB-2020-08-24,RUBÍ,23383,,5302.9,,22874,0,Canvi metodològic,false,
DRUB-2020-08-31,RUBÍ,241730,,1302300,,26204,0,,false,
DRUB-2020-09-07,RUBÍ,518060,,660620,,27426,15,,false,
DRUB-2020-09-14,RUBÍ,1077100,,144890,,25476,0,,false,
DRUB-2020-09-21,RUBÍ,2974300,,362540,,26374,2,,false,
DRUB-2020-09-28,RUBÍ,965110,,338150,,21164,0,,false,
DRUB-2020-10-05,RUBÍ,789610,,106720,,25780,0,,false,
DRUB-2020-10-12,RUBÍ,1081800,,111800,,22370,0,,false,
DRUB-2020-10-19,RUBÍ,4334400,,509030,,23542,0,,false,
DRUB-2020-10-26,RUBÍ,2344400,,335520,,24086,0,,false,
DRUB-2020-11-02,RUBÍ,5991400,,4828600,,21330,0,,false,
DRUB-2020-11-09,RUBÍ,1249700,,359950,,23938,0,,false,
DRUB-2020-11-16,RUBÍ,278040,,173880,,21852,0,,false,
DRUB-2020-11-23,RUBÍ,513910,,74748,,23690,0,,false,
DRUB-2020-11-30,RUBÍ,419230,,37681,,23176,0,,false,
DRUB-2020-12-07,RUBÍ,601940,,67810,,,,,false,
DRUS-2020-07-06,REUS,450,,,450,17540,0,,false,
DRUS-2020-07-13,REUS,450,,,450,18376,0,,false,
DRUS-2020-07-20,REUS,420,,,420,18018,0,,false,
DRUS-2020-07-27,REUS,450,,,450,18228,0,,false,
DRUS-2020-08-03,REUS,8810,360,,,14980,0,Valor Puntual,false,
DRUS-2020-08-10,REUS,3081.8,300,,,18643,0,,false,
DRUS-2020-08-17,REUS,21836,360,,360,18037,0,Valor Puntual,false,
DRUS-2020-08-25,REUS,5655.9,450,,450,,,,false,
DRUS-2020-08-31,REUS,58907,232980,,,16655,0,Canvi metodològic,true,
DRUS-2020-09-07,REUS,11117,357.14,,,17086,0,,false,
DRUS-2020-09-14,REUS,2999.1,1306.6,,,17831,0,,false,
DRUS-2020-09-21,REUS,22419,142.86,,,17069,0,,false,
DRUS-2020-09-28,REUS,3837.9,171.43,,,15450,0,,false,
DRUS-2020-10-05,REUS,150810,16712,,,15781,0,,false,
DRUS-2020-10-12,REUS,19205,41908,,,14988,0,,false,
DRUS-2020-10-19,REUS,53767,99262,,,16746,0,,false,
DRUS-2020-10-26,REUS,100050,20535,,,16219,0,,false,
DRUS-2020-11-02,REUS,72512,122910,,,15933,0,,false,
DRUS-2020-11-09,REUS,74054,20457,,,16183,0,,false,
DRUS-2020-11-16,REUS,50255,2730.3,,,15614,0,,false,
DRUS-2020-11-23,REUS,71928,33494,,,16877,0,,false,
DRUS-2020-11-30,REUS,43446,20279,,,16975,0,,false,
DRUS-2020-12-07,REUS,10606,1999.3,,,,,,false,
DSFL-2020-07-06,SANT_FELIU_DE_LLOBREGAT,457.14,,,457.14,56568,0,,false,
DSFL-2020-07-13,SANT_FELIU_DE_LLOBREGAT,3237.9,,,703.3,53044,0,,true,
DSFL-2020-07-20,SANT_FELIU_DE_LLOBREGAT,271.43,271.43,,,52954,0,,false,
DSFL-2020-07-28,SANT_FELIU_DE_LLOBREGAT,11002,4039.3,,,,,,false,
DSFL-2020-08-03,SANT_FELIU_DE_LLOBREGAT,20079,20546,,,50046,0,,false,
DSFL-2020-08-10,SANT_FELIU_DE_LLOBREGAT,20352,11188,,,39379,0,,false,
DSFL-2020-08-17,SANT_FELIU_DE_LLOBREGAT,246770,137850,,,41058,0,,false,
DSFL-2020-08-24,SANT_FELIU_DE_LLOBREGAT,26911,4078.2,,,44340,0,,false,
DSFL-2020-08-31,SANT_FELIU_DE_LLOBREGAT,16970,27007,,,54839,0,,false,
DSFL-2020-09-07,SANT_FELIU_DE_LLOBREGAT,7718.4,3437.4,,,56568,0,,false,
DSFL-2020-09-14,SANT_FELIU_DE_LLOBREGAT,485.39,614.61,,,56099,0,,false,
DSFL-2020-09-21,SANT_FELIU_DE_LLOBREGAT,3363.9,2742.2,,,62573,0,,false,
DSFL-2020-09-28,SANT_FELIU_DE_LLOBREGAT,5919.5,8059,,,53120,0,,false,
DSFL-2020-10-05,SANT_FELIU_DE_LLOBREGAT,4618.5,11717,,,49521,0,,false,
DSFL-2020-10-12,SANT_FELIU_DE_LLOBREGAT,42597,17861,,,,,,false,
DSFL-2020-10-19,SANT_FELIU_DE_LLOBREGAT,46029,48108,,,,,,false,
DSFL-2020-10-26,SANT_FELIU_DE_LLOBREGAT,55423,47535,,,50239,0,,false,
DSFL-2020-11-02,SANT_FELIU_DE_LLOBREGAT,17222,18627,,,50.039,0,,false,
DSFL-2020-11-10,SANT_FELIU_DE_LLOBREGAT,10418,8542.5,,,,,,false,
DSFL-2020-11-16,SANT_FELIU_DE_LLOBREGAT,9401.8,19090,,,51.151,0,,false,
DSFL-2020-11-23,SANT_FELIU_DE_LLOBREGAT,2628.8,2786.5,,,53.081,0,,false,
DSFL-2020-11-30,SANT_FELIU_DE_LLOBREGAT,9914.3,38598,,,55.568,0,,false,
DSFL-2020-12-07,SANT_FELIU_DE_LLOBREGAT,37493,12448,,,,,,false,
DSLL-2020-07-06,SALLENT/ARTÉS,489.8,,,489.8,2835,0,,false,
DSLL-2020-07-13,SALLENT/ARTÉS,500,,,500,2341,25,,false,
DSLL-2020-07-20,SALLENT/ARTÉS,4001.4,371.43,,,2679,0,,false,
DSLL-2020-07-28,SALLENT/ARTÉS,182.14,526.33,,,,,,false,
DSLL-2020-08-03,SALLENT/ARTÉS,41724,60061,,,2181,0,,false,
DSLL-2020-08-10,SALLENT/ARTÉS,1413.7,214.29,,,2059,0,,true,
DSLL-2020-08-17,SALLENT/ARTÉS,15563,18074,,,2088,0,,false,
DSLL-2020-08-24,SALLENT/ARTÉS,22073,6232.1,,,2003,0,,false,
DSLL-2020-08-31,SALLENT/ARTÉS,4681.3,407.14,,,2813,0,,false,
DSLL-2020-09-07,SALLENT/ARTÉS,33976,6166.8,,,2573,0.4,,false,
DSLL-2020-09-14,SALLENT/ARTÉS,2083.6,804.59,,,2336,,,false,
DSLL-2020-09-21,SALLENT/ARTÉS,1991.5,4116.2,,,3203,15,,false,
DSLL-2020-09-28,SALLENT/ARTÉS,2576.1,279.43,,,2432,,,false,
DSLL-2020-10-05,SALLENT/ARTÉS,192.86,1155.7,,,2341,,,true,
DSLL-2020-10-12,SALLENT/ARTÉS,235.71,235.71,,,2007,,,false,
DSLL-2020-10-19,SALLENT/ARTÉS,10518,15078,,,2368,,,false,
DSLL-2020-10-26,SALLENT/ARTÉS,106350,131630,,,2663,,,false,
DSLL-2020-11-03,SALLENT/ARTÉS,31567,26275,,,,,,false,
DSLL-2020-11-10,SALLENT/ARTÉS,27704,8856.6,,,,,,false,
DSLL-2020-11-16,SALLENT/ARTÉS,14033,15192,,,2415,,,false,
DSLL-2020-11-23,SALLENT/ARTÉS,14336,27391,,,2491,,,false,
DSLL-2020-11-30,SALLENT/ARTÉS,7392.9,10071,,,2369,,,false,
DSLL-2020-12-07,SALLENT/ARTÉS,5968.4,2205.9,,,,,,false,
DSOL-2020-07-06,SOLSONA,7073.3,,,450,2645,0,,false,
DSOL-2020-07-13,SOLSONA,450,,,450,2543,0,,false,
DSOL-2020-07-20,SOLSONA,450,,,450,2419,0,,false,
DSOL-2020-07-27,SOLSONA,450,,,450,2375,0,,false,
DSOL-2020-08-03,SOLSONA,300,300,,,2097,0,,false,
DSOL-2020-08-10,SOLSONA,300,300,,,2490,0,,false,
DSOL-2020-08-17,SOLSONA,7811.7,360,,360,2348,0,Valor Puntual,false,
DSOL-2020-08-25,SOLSONA,450,450,,450,,,,false,
DSOL-2020-08-31,SOLSONA,2229,400,,,2361,0,Valor Puntual,true,
DSOL-2020-09-07,SOLSONA,142.86,142.86,,,2021,0,Canvi Metodològic,false,
DSOL-2020-09-14,SOLSONA,451.95,171.43,,,2086,0,,false,
DSOL-2020-09-21,SOLSONA,26767,142.86,,,2549,0,,false,
DSOL-2020-09-28,SOLSONA,3842.5,516.16,,,2202,0,,false,
DSOL-2020-10-05,SOLSONA,29549,30757,,,2257,0,,false,
DSOL-2020-10-12,SOLSONA,45358,6248.3,,,2330,0,,false,
DSOL-2020-10-19,SOLSONA,52734,196130,,,2174,0,,false,
DSOL-2020-10-26,SOLSONA,247070,210080,,,2117,0,,false,
DSOL-2020-11-02,SOLSONA,406860,529140,,,2117,0,,false,
DSOL-2020-11-09,SOLSONA,241460,237790,,,2185,0,,false,
DSOL-2020-11-16,SOLSONA,118830,89905,,,2185,0,,false,
DSOL-2020-11-23,SOLSONA,153230,50803,,,2259,0,,false,
DSOL-2020-11-30,SOLSONA,89869,115730,,,2242,0,,false,
DSOL-2020-12-07,SOLSONA,7408,2377.4,,,,,,false,
DSOR-2020-07-06,SORT,450,,,450,657,0,,false,
DSOR-2020-07-20,SORT,450,,,450,642,0,,false,
DSOR-2020-08-03,SORT,360,360,,,742,0,,false,
DSOR-2020-08-17,SORT,360,360,,360,775,0,,false,
DSOR-2020-08-31,SORT,320,320,,,670,0,,false,
DSOR-2020-09-14,SORT,205.71,205.71,,,572,0,,false,
DSOR-2020-09-28,SORT,1194.6,171.43,,,286,0,,false,
DSOR-2020-10-12,SORT,9072,171.43,,,,,Hem repetit qPCR. Hem repetit des de centricon i no ha donat senyal,false,
DSOR-2020-10-26,SORT,51226,171.43,,,338,0,,false,
DSOR-2020-11-09,SORT,46565,171.43,,,,,,false,
DSOR-2020-11-23,SORT,1399.8,171.43,,,,,,false,
DSOR-2020-12-07,SORT,579.8,142.86,,,,,,true,
DSRS-2020-07-06,SABADELL/RIU_SEC,148.15,,148.15,148.15,23334,0,,false,
DSRS-2020-07-13,SABADELL/RIU_SEC,1769.1,,148.15,148.15,226851,0,,false,
DSRS-2020-07-20,SABADELL/RIU_SEC,7698.1,,4053.8,148.15,23262,0,,false,
DSRS-2020-07-27,SABADELL/RIU_SEC,148.15,,23979,148.15,24693,0,,false,
DSRS-2020-08-03,SABADELL/RIU_SEC,988.7,,1132.7,,26294,0,,false,
DSRS-2020-08-10,SABADELL/RIU_SEC,1428.7,,429.54,,26939,0,,false,
DSRS-2020-08-17,SABADELL/RIU_SEC,8246.9,,12448,,21691,0,,false,
DSRS-2020-08-24,SABADELL/RIU_SEC,228920,,1156500,,22623,0,Canvi metodològic,false,
DSRS-2020-08-31,SABADELL/RIU_SEC,273580,,215190,,30754,0,,false,
DSRS-2020-09-07,SABADELL/RIU_SEC,203040,,16086,,26022,0,,false,
DSRS-2020-09-14,SABADELL/RIU_SEC,1577400,,132640,,25030,0,,false,
DSRS-2020-09-21,SABADELL/RIU_SEC,507860,,273920,,23879,0,,false,
DSRS-2020-09-28,SABADELL/RIU_SEC,292560,,403790,,23839,0,,false,
DSRS-2020-10-05,SABADELL/RIU_SEC,1822100,,275950,,21284,0,,false,
DSRS-2020-10-12,SABADELL/RIU_SEC,1244700,,298750,,22346,0,,false,
DSRS-2020-10-19,SABADELL/RIU_SEC,1306100,,103580,,22827,0,,false,
DSRS-2020-10-26,SABADELL/RIU_SEC,3009800,,397980,,22854,0,,false,
DSRS-2020-11-02,SABADELL/RIU_SEC,12627000,,1416200,,20108,0,,false,
DSRS-2020-11-09,SABADELL/RIU_SEC,965140,,130280,,21830,0,,false,
DSRS-2020-11-16,SABADELL/RIU_SEC,410690,,738110,,20283,0,Mostra amb molta materia en suspensió que fa pujar la inhibició,false,
DSRS-2020-11-23,SABADELL/RIU_SEC,720400,,464890,,20955,0,Mostra amb molta materia en suspensió que fa pujar la inhibició,false,
DSRS-2020-11-30,SABADELL/RIU_SEC,513650,,182030,,20255,0,,false,
DSRS-2020-12-07,SABADELL/RIU_SEC,1429300,,428690,,,,,false,
DTAR-2020-07-06,TARRAGONA,500,,,500,23418,0,,false,
DTAR-2020-07-13,TARRAGONA,450,,,450,22669,0,,false,
DTAR-2020-07-20,TARRAGONA,600,,,600,22177,0,,false,
DTAR-2020-07-27,TARRAGONA,450,,,450,23356,0,,false,
DTAR-2020-08-03,TARRAGONA,360,360,,,23016,0,,false,
DTAR-2020-08-10,TARRAGONA,434.71,300,,,22871,0,Valor Puntual,false,
DTAR-2020-08-17,TARRAGONA,420,420,,420,23268,0,,false,
DTAR-2020-08-25,TARRAGONA,693.39,450,,450,,,,false,
DTAR-2020-08-31,TARRAGONA,450,450,,,22370,0,,false,
DTAR-2020-09-07,TARRAGONA,13066,7410.1,,,19374,0,Canvi Metodològic,false,
DTAR-2020-09-14,TARRAGONA,413.61,325.27,,,24448,0,,false,
DTAR-2020-09-21,TARRAGONA,142.86,142.86,,,25018,0,,false,
DTAR-2020-09-28,TARRAGONA,2801.7,2307.2,,,22996,0,,false,
DTAR-2020-10-05,TARRAGONA,178480,71884,,,22704,0,,false,
DTAR-2020-10-12,TARRAGONA,40708,14594,,,,,,false,
DTAR-2020-10-19,TARRAGONA,18278,73209,,,25741,0,,false,
DTAR-2020-10-26,TARRAGONA,90092,82974,,,23110,0,,false,
DTAR-2020-11-02,TARRAGONA,92617,68413,,,27811,0,,false,
DTAR-2020-11-09,TARRAGONA,25156,30943,,,26162,0,,false,
DTAR-2020-11-16,TARRAGONA,50650,52214,,,25080,0,,false,
DTAR-2020-11-23,TARRAGONA,98516,10716,,,34841,0,,false,
DTAR-2020-11-30,TARRAGONA,20731,24378,,,25307,0,,false,
DTAR-2020-12-07,TARRAGONA,44538,85279,,,25307,0,,false,
DTOT-2020-07-06,TORTOSA-ROQUETES,5604.6,,,450,5353,0,,false,
DTOT-2020-07-13,TORTOSA-ROQUETES,450,,,450,5406,0,,false,
DTOT-2020-07-20,TORTOSA-ROQUETES,5140.9,,,450,5987,0,,false,
DTOT-2020-07-27,TORTOSA-ROQUETES,450,,,40625,6150,0,,false,
DTOT-2020-08-03,TORTOSA-ROQUETES,1774.1,360,,,5519,0,Valor Puntual,false,
DTOT-2020-08-10,TORTOSA-ROQUETES,1253,300,,,5437,0,,false,
DTOT-2020-08-17,TORTOSA-ROQUETES,48486,360,,360,4946,0,,false,
DTOT-2020-08-25,TORTOSA-ROQUETES,4220.3,450,,450,,,,false,
DTOT-2020-08-31,TORTOSA-ROQUETES,13816,142.86,,,5973,0,Canvi metodològic,true,
DTOT-2020-09-07,TORTOSA-ROQUETES,2358.2,264.29,,,5330,0,,true,
DTOT-2020-09-14,TORTOSA-ROQUETES,7539.1,2951.7,,,5862,0,,false,
DTOT-2020-09-21,TORTOSA-ROQUETES,2799.7,7246.3,,,6967,0,,false,
DTOT-2020-09-28,TORTOSA-ROQUETES,11584,171.43,,,5818,0,,false,
DTOT-2020-10-05,TORTOSA-ROQUETES,186960,20058,,,5589,0,,false,
DTOT-2020-10-12,TORTOSA-ROQUETES,40474,96712,,,4962,0,,false,
DTOT-2020-10-19,TORTOSA-ROQUETES,132780,305680,,,5650,0,,false,
DTOT-2020-10-26,TORTOSA-ROQUETES,11407,171.43,,,6057,0,,false,
DTOT-2020-11-02,TORTOSA-ROQUETES,168240,307280,,,5893,0,,false,
DTOT-2020-11-09,TORTOSA-ROQUETES,9988.4,171.43,,,5809,0,,false,
DTOT-2020-11-16,TORTOSA-ROQUETES,60629,52664,,,5414,0,,false,
DTOT-2020-11-23,TORTOSA-ROQUETES,56049,22933,,,5530,0,,false,
DTOT-2020-11-30,TORTOSA-ROQUETES,50641,42702,,,5727,0,,false,
DTOT-2020-12-07,TORTOSA-ROQUETES,2531.5,1145.7,,,,,,false,
DTRG-2020-07-13,TÀRREGA,179300,,,111740,3089,0,,false,
DTRG-2020-07-20,TÀRREGA,2840.6,,,360,3333,0,,false,
DTRG-2020-07-27,TÀRREGA,5499.3,,,450,3981,0,,false,
DTRG-2020-08-10,TÀRREGA,300,300,,,3248,0,,false,
DTRG-2020-08-25,TÀRREGA,450,450,,450,,,,false,
DTRG-2020-09-07,TÀRREGA,33196,31776,,,3176,0,Canvi Metodològic,false,
DTRG-2020-09-21,TÀRREGA,1927,8456.8,,,3048,0,,false,
DTRG-2020-10-05,TÀRREGA,91735,24947,,,3197,0,,false,
DTRG-2020-10-19,TÀRREGA,1156.8,1334.6,,,3577,0,,false,
DTRG-2020-11-02,TÀRREGA,154250,129500,,,2951,0,,false,
DTRG-2020-11-16,TÀRREGA,37013,13145,,,3079,0,,false,
DTRG-2020-11-30,TÀRREGA,38893,51289,,,31279,0,,false,
DTRP-2020-07-13,TREMP,450,,,450,2583,27,,false,
DTRP-2020-07-27,TREMP,450,,,450,1982,0,,false,
DTRP-2020-08-10,TREMP,300,300,,,2207,0,,false,
DTRP-2020-08-25,TREMP,450,450,,450,,,,false,
DTRP-2020-09-07,TREMP,6350.9,3044.7,,,2036,0,Canvi Metodològic,false,
DTRP-2020-09-21,TREMP,29710,775.72,,,2076,2.5,,false,
DTRP-2020-10-05,TREMP,3169.9,1275.3,,,1964,0,,false,
DTRP-2020-10-19,TREMP,6209.7,33174,,,1685,0,,false,
DTRP-2020-11-02,TREMP,584.91,2721.9,,,1208,0,,false,
DTRP-2020-11-16,TREMP,46008,56514,,,,,,false,
DTRP-2020-11-30,TREMP,91359,162850,,,1622,0,,false,
DTRS-2020-07-06,TERRASSA,609.52,,,609.52,38716,0,,false,
DTRS-2020-07-13,TERRASSA,22247,,,571.43,44760,0,,false,
DTRS-2020-07-20,TERRASSA,57814,56906,,,1695.7,0,,false,
DTRS-2020-07-28,TERRASSA,18194,28201,,,,,,false,
DTRS-2020-08-03,TERRASSA,146530,71995,,,38949.6,0,,false,
DTRS-2020-08-10,TERRASSA,24600,28093,,,34258.9,0,,false,
DTRS-2020-08-17,TERRASSA,82816,30552,,,36745.3,0,,false,
DTRS-2020-08-24,TERRASSA,79630,67964,,,35689.8,0,,false,
DTRS-2020-08-31,TERRASSA,51727,11022,,,38270.7,0,,false,
DTRS-2020-09-07,TERRASSA,45711,9177.2,,,47385.5,,,false,
DTRS-2020-09-14,TERRASSA,12057,5771.9,,,39669.1,0,,false,
DTRS-2020-09-21,TERRASSA,27079,14016,,,0,0,,false,
DTRS-2020-09-28,TERRASSA,4638.6,2830.4,,,39697,0,,false,
DTRS-2020-10-05,TERRASSA,17194,20693,,,41920.7,0,,false,
DTRS-2020-10-12,TERRASSA,51218,32734,,,39096.9,0,,false,
DTRS-2020-10-19,TERRASSA,21624,18208,,,40433.5,0,,false,
DTRS-2020-10-26,TERRASSA,20609,40025,,,40010.5,0,,false,
DTRS-2020-11-02,TERRASSA,133980,172380,,,39830.1,0,,false,
DTRS-2020-11-10,TERRASSA,11001,11265,,,,,,false,
DTRS-2020-11-16,TERRASSA,30743,43640,,,42509.2,0.1,,false,
DTRS-2020-11-23,TERRASSA,58347,45273,,,41124.5,0,,false,
DTRS-2020-11-30,TERRASSA,17483,12085,,,44456.1,0,,false,
DTRS-2020-12-07,TERRASSA,66553,30567,,,,,,false,
DVAL-2020-07-06,VALLS_POBLE,450,,,450,0,0,,false,
DVAL-2020-07-20,VALLS_POBLE,450,,,450,7290,0,,false,
DVAL-2020-08-03,VALLS_POBLE,480,480,,,6085,0,,false,
DVAL-2020-08-17,VALLS_POBLE,300,300,,300,8498,0,,false,
DVAL-2020-08-31,VALLS_POBLE,330,330,,,8890,0,,false,
DVAL-2020-09-14,VALLS_POBLE,978.75,696.37,,,9263,0,,true,
DVAL-2020-09-28,VALLS_POBLE,993.02,171.43,,,9304,0,,true,
DVAL-2020-10-12,VALLS_POBLE,7180.5,5052.5,,,,,S'ha repetit des de l'inici. Resultats idèntics,false,
DVAL-2020-10-26,VALLS_POBLE,15472,3973.7,,,8533,0,,false,
DVAL-2020-11-09,VALLS_POBLE,13323,4689.3,,,8967.49,0,,false,
DVAL-2020-11-23,VALLS_POBLE,9830.9,5600.5,,,8200.24,0,,false,
DVAL-2020-12-07,VALLS_POBLE,15390,28739,,,,,,false,
DVDP-2020-07-06,VILAFRANCA_DEL_PENEDÈS,100,,100,100,15505,0,,false,
DVDP-2020-07-13,VILAFRANCA_DEL_PENEDÈS,148.15,,148.15,148.15,15158,0,,false,
DVDP-2020-07-20,VILAFRANCA_DEL_PENEDÈS,148.15,,7633.5,148.15,15215,0,,false,
DVDP-2020-07-27,VILAFRANCA_DEL_PENEDÈS,148.15,,148.15,148.15,14066.57,0,,false,
DVDP-2020-08-03,VILAFRANCA_DEL_PENEDÈS,16903,,2829.9,,14547,0,,false,
DVDP-2020-08-10,VILAFRANCA_DEL_PENEDÈS,322830,,38478,,14484,0,,false,
DVDP-2020-08-17,VILAFRANCA_DEL_PENEDÈS,7846.4,,14875,,14547,0,,false,
DVDP-2020-08-24,VILAFRANCA_DEL_PENEDÈS,162970,,239780,,15333,0,Canvi metodològic,false,
DVDP-2020-08-31,VILAFRANCA_DEL_PENEDÈS,96596,,37375,,15333,0,,false,
DVDP-2020-09-07,VILAFRANCA_DEL_PENEDÈS,241340,,509810,,15333,0,,false,
DVDP-2020-09-14,VILAFRANCA_DEL_PENEDÈS,112360,,10545,,15731,0,,false,
DVDP-2020-09-21,VILAFRANCA_DEL_PENEDÈS,100720,,21799,,20299,1.2,,false,
DVDP-2020-09-28,VILAFRANCA_DEL_PENEDÈS,17004,,3873.4,,15316,0,,false,
DVDP-2020-10-05,VILAFRANCA_DEL_PENEDÈS,116190,,28257,,15118.16,0,,false,
DVDP-2020-10-12,VILAFRANCA_DEL_PENEDÈS,286500,,276430,,14345.64,0,,false,
DVDP-2020-10-19,VILAFRANCA_DEL_PENEDÈS,1814900,,148340,,13095,0,,false,
DVDP-2020-10-26,VILAFRANCA_DEL_PENEDÈS,1870000,,277240,,13215,0,,false,
DVDP-2020-11-02,VILAFRANCA_DEL_PENEDÈS,5253100,,869510,,14837,0,,false,
DVDP-2020-11-09,VILAFRANCA_DEL_PENEDÈS,192650,,113150,,15542,0,,false,
DVDP-2020-11-16,VILAFRANCA_DEL_PENEDÈS,249810,,410760,,15586,0,,false,
DVDP-2020-11-23,VILAFRANCA_DEL_PENEDÈS,566180,,157780,,15203,0,,false,
DVDP-2020-11-30,VILAFRANCA_DEL_PENEDÈS,682270,,259810,,15398,0,,false,
DVDP-2020-12-07,VILAFRANCA_DEL_PENEDÈS,598700,,213990,,,,,false,
DVEN-2020-07-06,RIERA_DE_LA_BISBAL,100,,100,100,13856,0,,false,
DVEN-2020-07-13,RIERA_DE_LA_BISBAL,148.15,,1360.5,148.15,0,0,,false,
DVEN-2020-07-20,RIERA_DE_LA_BISBAL,3332,,8273.5,148.15,0,0,,false,
DVEN-2020-07-27,RIERA_DE_LA_BISBAL,148.15,,148.15,148.15,0,0,,false,
DVEN-2020-08-03,RIERA_DE_LA_BISBAL,389.94,,148.15,,13000,0,Valor Puntual,false,
DVEN-2020-08-10,RIERA_DE_LA_BISBAL,17477,,1759.1,,13545,0,,false,
DVEN-2020-08-17,RIERA_DE_LA_BISBAL,148.15,,84627,,16700,0,,true,
DVEN-2020-08-24,RIERA_DE_LA_BISBAL,110080,,371670,,16948,0,Canvi metodològic,false,
DVEN-2020-08-31,RIERA_DE_LA_BISBAL,174710,,406600,,14128,,,false,
DVEN-2020-09-07,RIERA_DE_LA_BISBAL,1207600,,777420,,16402,31.5,,false,
DVEN-2020-09-14,RIERA_DE_LA_BISBAL,148260,,66016,,11500,0,,false,
DVEN-2020-09-21,RIERA_DE_LA_BISBAL,40910,,806600,,9344,22,,false,
DVEN-2020-09-28,RIERA_DE_LA_BISBAL,6266.6,,30464,,12398,0,,false,
DVEN-2020-10-05,RIERA_DE_LA_BISBAL,198180,,55683,,11549,0,,false,
DVEN-2020-10-12,RIERA_DE_LA_BISBAL,1389400,,572730,,10120,0,,false,
DVEN-2020-10-19,RIERA_DE_LA_BISBAL,1102800,,345390,,9540,0,,false,
DVEN-2020-10-26,RIERA_DE_LA_BISBAL,1535700,,115260,,12879,0,,false,
DVEN-2020-11-02,RIERA_DE_LA_BISBAL,2775800,,600380,,9601,0,,false,
DVEN-2020-11-09,RIERA_DE_LA_BISBAL,377900,,168770,,12057,0,,false,
DVEN-2020-11-16,RIERA_DE_LA_BISBAL,26877,,20410,,,,,false,
DVEN-2020-11-23,RIERA_DE_LA_BISBAL,704570,,101170,,12.52,0,,false,
DVEN-2020-11-30,RIERA_DE_LA_BISBAL,275480,,888630,,13120,0,,false,
DVIC-2020-07-13,VIC,714.29,,,714.29,23074,7.2,,false,
DVIC-2020-07-20,VIC,1527.9,7844,,,19692,0,,false,
DVIC-2020-07-28,VIC,3643.1,1391.6,,,,,,false,
DVIC-2020-08-03,VIC,1977.7,257.14,,,20628,0,,false,
DVIC-2020-08-10,VIC,6922.8,257.14,,,24913,0,,false,
DVIC-2020-08-17,VIC,18962,9810.5,,,204810,0,,false,
DVIC-2020-08-24,VIC,47119,17131,,,19608,0,,false,
DVIC-2020-08-31,VIC,83915,2700,,,27906,0,,false,
DVIC-2020-09-07,VIC,22216,1403.3,,,26444,0,,false,
DVIC-2020-09-14,VIC,1130.8,649.16,,,21603,0,,false,
DVIC-2020-09-21,VIC,15556,5805.7,,,0,0,,false,
DVIC-2020-09-28,VIC,24626,13918,,,28130,0,,false,
DVIC-2020-10-05,VIC,22842,30665,,,23482,0,,false,
DVIC-2020-10-12,VIC,17442,7248.7,,,22966,0,,false,
DVIC-2020-10-19,VIC,23168,32801,,,20191,0,,false,
DVIC-2020-10-26,VIC,141480,162250,,,32.82,13.2,,false,
DVIC-2020-11-02,VIC,60624,24879,,,26870,0,,false,
DVIC-2020-11-10,VIC,11127,14245,,,,,,false,
DVIC-2020-11-16,VIC,43097,87273,,,21867,0,,false,
DVIC-2020-11-23,VIC,16780,12215,,,0,0,,false,
DVIC-2020-11-30,VIC,56702,125230,,,0,0,,false,
DVIC-2020-12-07,VIC,81810,22769,,,,,,false,
DVIE-2020-07-06,VIELHA_E_MIJARAN,450,,,450,0,0,,false,
DVIE-2020-07-20,VIELHA_E_MIJARAN,3358.5,,,420,7223,0,,false,
DVIE-2020-08-03,VIELHA_E_MIJARAN,360,360,,,7029,0,,false,
DVIE-2020-08-17,VIELHA_E_MIJARAN,300,300,,300,6536,0,,false,
DVIE-2020-08-31,VIELHA_E_MIJARAN,415.46,340,,,6098,0,,true,
DVIE-2020-09-14,VIELHA_E_MIJARAN,171.43,171.43,,,6220,0,,false,
DVIE-2020-09-28,VIELHA_E_MIJARAN,48658,49367,,,6844,0,,false,
DVIE-2020-10-12,VIELHA_E_MIJARAN,15442,3234.6,,,7789,0,,false,
DVIE-2020-10-26,VIELHA_E_MIJARAN,4616.1,2401.4,,,6609,0,,false,
DVIE-2020-11-09,VIELHA_E_MIJARAN,4033,2777.7,,,6321,0,,false,
DVIE-2020-11-23,VIELHA_E_MIJARAN,25392,15331,,,6114,0,,false,
DVIE-2020-12-07,VIELHA_E_MIJARAN,174.11,2209.7,,,,,,false,
DVLC-2020-07-06,VILA-SECA/SALOU,450,,,450,0,0,,false,
DVLC-2020-07-13,VILA-SECA/SALOU,450,,,450,27903,0,,false,
DVLC-2020-07-20,VILA-SECA/SALOU,450,,,450,27789,0,,false,
DVLC-2020-07-27,VILA-SECA/SALOU,450,,,450,27422.5,0,,false,
DVLC-2020-08-03,VILA-SECA/SALOU,2917.3,480,,,27728,0,Valor Puntual,false,
DVLC-2020-08-10,VILA-SECA/SALOU,30,30,,,30718.2,0,,false,
DVLC-2020-08-17,VILA-SECA/SALOU,5859.7,300,,300,31660.1,0,Valor Puntual,false,
DVLC-2020-08-25,VILA-SECA/SALOU,450,450,,450,,,,false,
DVLC-2020-08-31,VILA-SECA/SALOU,480,480,,,29210.4,0,,false,
DVLC-2020-09-07,VILA-SECA/SALOU,8381.5,257.14,,,29945.7,1.2,Canvi Metodològic,true,
DVLC-2020-09-14,VILA-SECA/SALOU,510.13,219.02,,,23394.3,0,,true,
DVLC-2020-09-21,VILA-SECA/SALOU,9213.6,142.86,,,23621.6,0,,true,
DVLC-2020-09-28,VILA-SECA/SALOU,4982.7,8152.7,,,22047.6,0,,false,
DVLC-2020-10-12,VILA-SECA/SALOU,4930.1,3690.9,,,21004.7,0,,false,
DVLG-2020-07-06,VILANOVA_I_LA_GELTRÚ,653.06,,,653.06,16901,0,,false,
DVLG-2020-07-13,VILANOVA_I_LA_GELTRÚ,27304,,,653.06,15932,0,,true,
DVLG-2020-07-20,VILANOVA_I_LA_GELTRÚ,3359.4,12137,,,15568,0,,false,
DVLG-2020-07-28,VILANOVA_I_LA_GELTRÚ,1128.4,9860.7,,,,,,false,
DVLG-2020-08-03,VILANOVA_I_LA_GELTRÚ,19017,1133.2,,,16794,0,,false,
DVLG-2020-08-10,VILANOVA_I_LA_GELTRÚ,23927,4131.6,,,,,,false,
DVLG-2020-08-17,VILANOVA_I_LA_GELTRÚ,7811.9,13654,,,15652,0,,false,
DVLG-2020-08-24,VILANOVA_I_LA_GELTRÚ,1461.4,257.14,,,16002,0,,false,
DVLG-2020-08-31,VILANOVA_I_LA_GELTRÚ,1234.7,192.86,,,16105,0,,true,
DVLG-2020-09-07,VILANOVA_I_LA_GELTRÚ,11095,1307.3,,,21160,0,,false,
DVLG-2020-09-14,VILANOVA_I_LA_GELTRÚ,321.43,408.31,,,16443,0,,true,
DVLG-2020-09-21,VILANOVA_I_LA_GELTRÚ,2263.1,566.39,,,16961,0,,false,
DVLG-2020-09-28,VILANOVA_I_LA_GELTRÚ,1813.9,386.76,,,16731,0,,false,
DVLG-2020-10-05,VILANOVA_I_LA_GELTRÚ,12923,26215,,,14672,0,,false,
DVLG-2020-10-12,VILANOVA_I_LA_GELTRÚ,20286,7267.4,,,15037,0,,false,
DVLG-2020-10-19,VILANOVA_I_LA_GELTRÚ,36320,23586,,,16374,0,,false,
DVLG-2020-10-26,VILANOVA_I_LA_GELTRÚ,197870,213690,,,,,,false,
DVLG-2020-11-02,VILANOVA_I_LA_GELTRÚ,28066,35313,,,12473,0,,false,
DVLG-2020-11-10,VILANOVA_I_LA_GELTRÚ,10524,14303,,,,,,false,
DVLG-2020-11-16,VILANOVA_I_LA_GELTRÚ,2442.5,8814.7,,,15560,0,,false,
DVLG-2020-11-23,VILANOVA_I_LA_GELTRÚ,576.71,263.97,,,14290,0,,true,
DVLG-2020-11-30,VILANOVA_I_LA_GELTRÚ,342.86,779.97,,,16919,0,,true,
DVLG-2020-12-07,VILANOVA_I_LA_GELTRÚ,3336,1683.6,,,,,,false,
