id mostra,depuradora,        MS2(CG/L),        N2(CG/L),        N1(CG/L),        Adenovirus humans(CG/L),        E(CG/L),        N1r(CG/L),        N2r(CG/L),        Control intern(CG/L),        TGEV(CG/L),        IP4(CG/L),        Mengovirus(CG/L),        Diana4(CG/L),        Control inTGEV(CG/L),Cabal últimes 24h(m3),Pluja(mm),Observacions,Valor puntual,
DABR-2020-07-06,ABRERA,,,148.15,,148.15,,,,28936000,148.15,,,,29638,0,,false,
DABR-2020-07-13,ABRERA,,,148.15,,148.15,,,,,148.15,148.15,148.15,,24094,2.4,,false,
DABR-2020-07-20,ABRERA,,,748.18,,148.15,,,,51642,347.8,,,,23254,0,,false,
DABR-2020-07-27,ABRERA,,,148.15,,148.15,,,,78281,148.15,,,,17096,0,,false,
DABR-2020-08-03,ABRERA,,,148.15,,,,,,3492.5,463.35,,,,22459,1.2,,false,
DABR-2020-08-10,ABRERA,,,5337.8,,,,,,44306,148.15,,,,17971,0,,false,
DABR-2020-08-17,ABRERA,,,3965.4,,,,,,38193,6451.2,,,,19749,0.6,,false,
DABR-2020-08-24,ABRERA,,,64650,,,,,,590410,185740,,,,17852,0,Canvi metodològic,false,
DABR-2020-08-31,ABRERA,,,169150,,,,,,1482200,96213,,,,18536,2.2,,false,
DABR-2020-09-07,ABRERA,,,78143,,,,,,2606700,251360,,,,21010,0,,false,
DABR-2020-09-14,ABRERA,,,35724,,,,,,1465700,13674,,,,15754,0,,false,
DABR-2020-09-21,ABRERA,,,76757,,,,,,680770,8199,,,,18370,0,,false,
DABR-2020-09-28,ABRERA,,,63024,,,,,,7663000,485010,,,,15541,0,,false,
DABR-2020-10-05,ABRERA,,,150340,,,,,,190820,118860,,,,15798,0,,false,
DABR-2020-10-12,ABRERA,,,317790,,,,,,4290600,116090,,,,12562,0,,false,
DAMP-2020-07-06,AMPOSTA,9341900,,450,,450,,,,,,,,,8918,0,,false,
DAMP-2020-07-13,AMPOSTA,14547000,,450,,450,,,,,,,,,7616,0,,false,
DAMP-2020-07-20,AMPOSTA,465110000,,420,,420,,,,,,,,,6264,0,,false,
DAMP-2020-08-03,AMPOSTA,64564000,480,3612.6,,,,,,,,,,,4850,0,Valor Puntual,false,
DAMP-2020-08-10,AMPOSTA,2096500,30,30,,,,,,,,,,,4187,0,,false,
DAMP-2020-08-17,AMPOSTA,,360,360,,360,,,128660000,,,,,,4033,0,,false,
DAMP-2020-08-25,AMPOSTA,450,450,450,,450,,,,,,,,,,,,false,
DAMP-2020-08-31,AMPOSTA,350,350,350,,,,,,,,,,,3822,0,,false,
DAMP-2020-09-14,AMPOSTA,43303000,214.29,226.12,,,,,,,,,,,3798,0,,true,
DAMP-2020-09-21,AMPOSTA,5696400,142.86,7450,,,,,,,,,,,3707,0,,false,
DAMP-2020-09-28,AMPOSTA,2398800,1346,744.23,,,,,,,,,,,3537,0,,false,
DAMP-2020-10-05,AMPOSTA,616110000,60994,165330,,,,,,,,,,,3619,0,,false,
DAMP-2020-10-12,AMPOSTA,58534000,27059,52949,,,,,,,,,,,3630,0,,false,
DBAL-2020-07-06,BALAGUER,506970,,450,,450,,,,,,,,,7294,0,,false,
DBAL-2020-07-13,BALAGUER,43359000,,4380.7,,17741,,,,,,,,,7514,7,,false,
DBAL-2020-07-20,BALAGUER,1288400000,,13367,,420,,,,,,,,,7063,0,,false,
DBAL-2020-07-27,BALAGUER,26278000,360,13709,,,,,,,,,,,,,Valor Puntual,false,
DBAL-2020-08-03,BALAGUER,31671000,420,6993.5,,,,,,,,,,,7378,0,Valor Puntual,false,
DBAL-2020-08-10,BALAGUER,153460000,300,300,,,,,,,,,,,7259,0,,false,
DBAL-2020-08-17,BALAGUER,,360,17338,,360,,,38033000,,,,,,7420,0,,false,
DBAL-2020-08-25,BALAGUER,450,450,450,,450,,,,,,,,,,,,false,
DBAL-2020-08-31,BALAGUER,500,500,500,,,,,,,,,,,8024,0,,false,
DBAL-2020-09-08,BALAGUER,21123000,4734.3,8359,,,20656,15575,,,,,,,,,Canvi Metodològic,false,
DBAL-2020-09-14,BALAGUER,96672000,1554.7,7239,,,,,,,,,,,7675,0,,false,
DBAL-2020-09-21,BALAGUER,15932000,142.86,29049,,,,,,,,,,,7162,0,,false,
DBAL-2020-09-28,BALAGUER,21169000,8753.3,19456,,,,,,,,,,,6104,0,,false,
DBAL-2020-10-05,BALAGUER,869180000,199640,418610,,,,,,,,,,,6092,0,,false,
DBAL-2020-10-12,BALAGUER,193160000,5685.3,4191.6,,,,,,,,,,,,,,false,
DBAY-2020-07-06,BANYOLES,,,100,,100,,,,,100,,,10168000,11707,0,,false,
DBAY-2020-07-13,BANYOLES,,,148.15,,148.15,,,,148.15,148.15,,,,12415,1,,false,
DBAY-2020-07-20,BANYOLES,,,148.15,,148.15,,,,34070,3520.1,,,,11990,0,,false,
DBAY-2020-07-27,BANYOLES,,,148.15,,148.15,,,,531020,148.15,,,,11942,0,,false,
DBAY-2020-08-03,BANYOLES,,,1482.3,,,,,,22686,148.65,,,,11912,0.1,,false,
DBAY-2020-08-10,BANYOLES,,,148.15,,,,,,62518,2169.5,,,,12416,0,,false,
DBAY-2020-08-17,BANYOLES,,,17153,,,,,,990.42,148.15,,,,9891,0,,false,
DBAY-2020-08-24,BANYOLES,,,57044,,,,,,425850,5251,,,,9988,0,Canvi metodològic,false,
DBAY-2020-08-31,BANYOLES,,,77649,,,,,,871230,9506.2,,,,10714,0,,false,
DBAY-2020-09-07,BANYOLES,,,43419,,,,,,2237400,788.72,,,,12527,0,,false,
DBAY-2020-09-14,BANYOLES,,,54882,,,,,,2057900,1028.6,,,,10969,0,,false,
DBAY-2020-09-21,BANYOLES,,,949770,,,,,,768290,29500,,,,11700,1.3,,false,
DBAY-2020-09-28,BANYOLES,,,295030,,,,,,596610,221970,,,,11303,0,,false,
DBAY-2020-10-05,BANYOLES,,,2352000,,,,,,2024300,749220,,,,10851,0,,false,
DBAY-2020-10-12,BANYOLES,,,1245500,,,,,,2017600,167580,,,,9812,0,,false,
DBBL-2020-07-06,BORGES_BLANQUES_LES,39889000,,450,,450,,,,,,,,,1729,0,,false,
DBBL-2020-07-13,BORGES_BLANQUES_LES,10337000,,4016.7,,450,,,,,,,,,2537,10,,false,
DBBL-2020-07-20,BORGES_BLANQUES_LES,450,,450,,450,,,,,,,,,2864,3,,false,
DBBL-2020-07-27,BORGES_BLANQUES_LES,2306000,,450,,450,,,,,,,,,0,0,,false,
DBBL-2020-08-03,BORGES_BLANQUES_LES,96546000,600,600,,,,,,,,,,,,,,false,
DBBL-2020-08-10,BORGES_BLANQUES_LES,162490000,300,300,,,,,,,,,,,2225,0,,false,
DBBL-2020-08-17,BORGES_BLANQUES_LES,,300,96456,,300,,,239230000,,,,,,1812,0,,false,
DBBL-2020-08-25,BORGES_BLANQUES_LES,450,450,21126,,450,,,,,,,,,,,,false,
DBBL-2020-08-31,BORGES_BLANQUES_LES,171.43,85788,106320,,,,,,,,,,,2060,0,Canvi metodològic,false,
DBBL-2020-09-07,BORGES_BLANQUES_LES,28217000,178.57,7955.6,,,1176.7,178.57,,,,,,,1697,0,,false,
DBBL-2020-09-14,BORGES_BLANQUES_LES,43491000,344.61,306.18,,,,,,,,,,,2259,0,,false,
DBBL-2020-09-21,BORGES_BLANQUES_LES,8306300,142.86,142.86,,,,,,,,,,,1837,0,,false,
DBBL-2020-09-28,BORGES_BLANQUES_LES,46336000,8668.6,1461.8,,,,,,,,,,,1494,0,,false,
DBBL-2020-10-05,BORGES_BLANQUES_LES,361220000,28295,144300,,,,,,,,,,,,,,false,
DBBL-2020-10-12,BORGES_BLANQUES_LES,73295000,321.85,16370,,,,,,,,,,,,,,false,
DBER-2020-07-06,BERGA,,,148.15,,148.15,,,,12334000,148.15,,,,0,0,,false,
DBER-2020-07-13,BERGA,,,148.15,,148.15,,,,148.15,148.15,,,,5870.03,50,,false,
DBER-2020-07-20,BERGA,,,1090.5,,148.15,,,,18779,148.15,,,,5948.86,0,,true,
DBER-2020-07-27,BERGA,,,148.15,,148.15,,,,132360,14574,,,,5225.27,0,,false,
DBER-2020-08-03,BERGA,,,79013,,,,,,14023,7381.8,,,,5145.21,0,,false,
DBER-2020-08-10,BERGA,,,148.15,,,,,,21303,148.15,,,,4451.46,0,,false,
DBER-2020-08-17,BERGA,,,148.15,,,,,,16338,5073.7,,,,4820.26,0,,false,
DBER-2020-08-24,BERGA,,,151490,,,,,,1344100,531010,,,,4952.6,0,Canvi metodològic,false,
DBER-2020-08-31,BERGA,,,29477,,,,,,1386100,23114,,,,6589.89,0,,false,
DBER-2020-09-07,BERGA,,,478040,,,,,,1664100,269490,,,,5305.65,0,,false,
DBER-2020-09-14,BERGA,,,249710,,,,,,2140000,36449,,,,4707.71,0,,false,
DBER-2020-09-21,BERGA,,,128350,,,,,,1300500,83781,,,,5705.52,70,,false,
DBER-2020-09-28,BERGA,,,644680,,,,,,2121200,1262600,,,,4779.59,0,,false,
DBER-2020-10-05,BERGA,,,677400,,,,,,1593000,423490,,,,,,,false,
DBER-2020-10-12,BERGA,,,912180,,,,,,3498300,471680,,,,4603.73,0,,false,
DBLN-2020-07-13,BLANES,2097500,,13133,1788.4,342.86,,,,,,,,,9386,0,,false,
DBLN-2020-07-28,BLANES,1267200,1794.3,2863.8,18883,,,,,,,,,,,,,false,
DBLN-2020-08-10,BLANES,6434600,2360.1,46423,11787,,,,,,,,,,10808,0,,false,
DBLN-2020-08-24,BLANES,9359500,11688,1494.7,25510,,,,,,,,,,10118,0,,false,
DBLN-2020-09-07,BLANES,7681900,27056,27119,14920,,,,,,,,,,9704,0,,false,
DBLN-2020-09-21,BLANES,29935000,1063.9,3878.6,71010,,,,,,,,,,9425,24.8,,false,
DBLN-2020-10-05,BLANES,1272100,8987,4946.8,,,,,,,,,,,7950,0,,false,
DBSS-2020-07-06,BESÒS,15301000,,826.38,22723,685.71,,,,,,,,,327029,0,,false,
DBSS-2020-07-13,BESÒS,5888700,,25521,18706,14630,,,,,,,,,317575,0.3,,false,
DBSS-2020-07-20,BESÒS,47658,130170,53820,156360,,,,,,,,,,324759,0,,false,
DBSS-2020-07-28,BESÒS,476880,26401,30673,15624,,,,,,,,,,,,,false,
DBSS-2020-08-03,BESÒS,50811000,6291.3,45800,74830,,,,,,,,,,331372,9.6,,false,
DBSS-2020-08-10,BESÒS,9975600,199620,198070,14764,,,,,,,,,,281022,0,,false,
DBSS-2020-08-17,BESÒS,32554000,73651,166370,32560,,,,,,,,,,281533,0,,false,
DBSS-2020-08-24,BESÒS,50789000,48076,162230,42526,,,,,,,,,,294440,0,,false,
DBSS-2020-08-31,BESÒS,17030000,12819,73204,3190.8,,,,,,,,,,474624,7.2,,false,
DBSS-2020-09-07,BESÒS,19158000,63454,240190,17676,,,,,,,,,,0,7.2,,false,
DBSS-2020-09-14,BESÒS,11121000,6419.2,34936,21080,,,,,,,,,,0,0,,false,
DBSS-2020-09-21,BESÒS,87975000000000,15603,6806.8,32636,,,,,,,,,,491723.4,25.9,,false,
DBSS-2020-09-28,BESÒS,2690200,44808,16665,,,,,,,,,,,0,0,,false,
DBSS-2020-10-05,BESÒS,353.57,51843,21488,,,,,,,,,,,359794.63,0,,false,
DBSS-2020-10-12,BESÒS,3577800,54533,94638,85342,,,,,,,,,,0,0,,false,
DCER-2020-07-09,CERVERA,18360000,,5506.8,,450,,,,,,,,,10.17,0,,false,
DCER-2020-07-20,CERVERA,29556000,,5036.7,,540,,,,,,,,,15430,0,,false,
DCER-2020-08-03,CERVERA,95423000,360,360,,,,,,,,,,,,,,false,
DCER-2020-08-17,CERVERA,,480,480,,480,,,451930000,,,,,,,,,false,
DCER-2020-08-31,CERVERA,450,450,450,,,,,,,,,,,1800,0,,false,
DCER-2020-09-14,CERVERA,24043000,1207.2,5915.4,,,,,,,,,,,18930,0,,false,
DCER-2020-09-28,CERVERA,7195500,10020,14840,,,,,,,,,,,1850,0,,false,
DCER-2020-10-12,CERVERA,33018000,141680,107540,,,,,,,,,,,18900,0,,false,
DCPA-2020-07-06,CASTELL-PLATJA_D'ARO,13849000,,761.9,44415,761.9,,,,,,,,,14225,0,,false,
DCPA-2020-07-20,CASTELL-PLATJA_D'ARO,98388,14045,11195,67600,,,,,,,,,,13815,0,,false,
DCPA-2020-08-03,CASTELL-PLATJA_D'ARO,19585000,1869.5,41514,122900,,,,,,,,,,19070,6,,false,
DCPA-2020-08-17,CASTELL-PLATJA_D'ARO,12473000,13384,17613,868.9,,,,,,,,,,13480,0,,false,
DCPA-2020-08-31,CASTELL-PLATJA_D'ARO,16336000,393.68,4051.5,4036.9,,,,,,,,,,13500,42,,true,
DCPA-2020-09-14,CASTELL-PLATJA_D'ARO,8818300,14420,32514,279770,,,,,,,,,,115150,0,,false,
DCPA-2020-09-28,CASTELL-PLATJA_D'ARO,10555000,1461,3081.1,,,,,,,,,,,8289,0,,false,
DCPA-2020-10-12,CASTELL-PLATJA_D'ARO,1139000,27666,48341,45046,,,,,,,,,,8682,0,,false,
DFIG-2020-07-13,FIGUERES,,,148.15,,148.15,,,,148.15,160.97,,,,15652,2.8,,true,
DFIG-2020-07-27,FIGUERES,,,3612.8,,148.15,,,,11603,6201.8,,,,0,0,,false,
DFIG-2020-08-10,FIGUERES,,,148.15,,,,,,2184.5,3163.8,,,,13100,0,,false,
DFIG-2020-08-24,FIGUERES,,,219360,,,,,,1376400,2317900,,,,12960,0,Canvi metodològic,false,
DFIG-2020-09-07,FIGUERES,,,186670,,,,,,1617800,49555,,,,13596,0,,false,
DFIG-2020-09-21,FIGUERES,,,807860,,,,,,1214900,111770,,,,17641,12.2,,false,
DFIG-2020-10-05,FIGUERES,,,3105300,,,,,,1858600,1568100,,,,,,,false,
DFON-2020-07-06,FONDARELLA,39889000,,13716,,450,,,,,,,,,22603,0,,false,
DFON-2020-07-13,FONDARELLA,19104000,,450,,450,,,,,,,,,26922,31,,false,
DFON-2020-07-20,FONDARELLA,721970000,,420,,420,,,,,,,,,28107,0,,false,
DFON-2020-07-27,FONDARELLA,15646000,,450,,450,,,,,,,,,27639,0,,false,
DFON-2020-08-03,FONDARELLA,69761000,360,360,,,,,,,,,,,30646,0,,false,
DFON-2020-08-10,FONDARELLA,418130000,300,300,,,,,,,,,,,24807,0,,false,
DFON-2020-08-17,FONDARELLA,,300,300,,300,,,532350000,,,,,,27090,0,,false,
DFON-2020-08-25,FONDARELLA,450,450,6224.7,,450,,,,,,,,,,,,false,
DFON-2020-08-31,FONDARELLA,300,300,9232.8,,,,,,,,,,,28689,0,,false,
DFON-2020-09-07,FONDARELLA,33522000,257.35,228.57,,,228.57,228.57,,,,,,,25840,0,Canvi Metodològic,true,
DFON-2020-09-14,FONDARELLA,248280000,214.29,441.88,,,,,,,,,,,27783,0,,true,
DFON-2020-09-21,FONDARELLA,10167000,142.86,861.17,,,,,,,,,,,31104,0,,false,
DFON-2020-09-28,FONDARELLA,24538000,233.08,786.39,,,,,,,,,,,19672,0,,false,
DFON-2020-10-05,FONDARELLA,1506000000,36892,79305,,,,,,,,,,,21106,0,,false,
DFON-2020-10-12,FONDARELLA,127510000,2052.7,5723.2,,,,,,,,,,,17001,0,,false,
DGAN-2020-07-13,GANDESA,54107000,,450,,450,,,,,,,,,557,0,,false,
DGAN-2020-07-27,GANDESA,450,,450,,450,,,,,,,,,644,0,,false,
DGAN-2020-08-10,GANDESA,25247000,300,300,,,,,,,,,,,576,0,,false,
DGAN-2020-08-25,GANDESA,450,450,450,,450,,,,,,,,,,,,false,
DGAN-2020-09-07,GANDESA,52962000,428.57,428.57,,,428.57,428.57,,,,,,,,,Canvi Metodològic,false,
DGAN-2020-09-21,GANDESA,6317400,865.1,142.86,,,,,,,,,,,539,0,,true,
DGAN-2020-10-05,GANDESA,76284000,442.99,13855,,,,,,,,,,,537,0,,false,
DGIR-2020-07-06,GIRONA,,,100,,100,,,,,100,,,2320800,56340,0,,false,
DGIR-2020-07-13,GIRONA,,,148.15,,148.15,,,,148.15,148.15,,,,45433,0,,false,
DGIR-2020-07-20,GIRONA,,,695.86,,148.15,,,,38284,768.68,,,,43312,0,,false,
DGIR-2020-07-27,GIRONA,,,148.15,,148.15,,,,15997,8163.2,,,,43748,0,,true,
DGIR-2020-08-03,GIRONA,,,3428.5,,,,,,2062.9,148.15,,,,43974,0,,false,
DGIR-2020-08-10,GIRONA,,,2345,,,,,,3550,452.94,,,,44862,0,,false,
DGIR-2020-08-17,GIRONA,,,904.67,,,,,,3936.6,148.15,,,,40064.976,0,,false,
DGIR-2020-08-24,GIRONA,,,545140,,,,,,2277700,2812100,,,,41032,0,Canvi metodològic,false,
DGIR-2020-08-31,GIRONA,,,238910,,,,,,805010,254770,,,,43391,0,,false,
DGIR-2020-09-07,GIRONA,,,505350,,,,,,1467200,765590,,,,43944,4.68,,false,
DGIR-2020-09-14,GIRONA,,,313210,,,,,,3786500,72409,,,,43919,,,false,
DGIR-2020-09-21,GIRONA,,,367970,,,,,,2185600,296560,,,,45343,,,false,
DGIR-2020-09-28,GIRONA,,,2842600,,,,,,1236600,1699000,,,,43568.784,,,false,
DGIR-2020-10-05,GIRONA,,,1873200,,,,,,715020,821890,,,,44410.464,,,false,
DGIR-2020-10-12,GIRONA,,,1186600,,,,,,9379300,550620,,,,41875.344,,,false,
DGRA-2020-07-06,GRANOLLERS,,,148.15,,148.15,,,,840070,148.15,,,,27820,0,,false,
DGRA-2020-07-13,GRANOLLERS,,,148.15,,148.15,,,,,1965.7,148.15,148.15,,25376,0,,true,
DGRA-2020-07-20,GRANOLLERS,,,328.03,,148.15,,,,48879,658.49,,,,22436,0,,false,
DGRA-2020-07-27,GRANOLLERS,,,3200.5,,148.15,,,,127180,19669,,,,22592,0,,false,
DGRA-2020-08-03,GRANOLLERS,,,2741.2,,,,,,929.29,1326.6,,,,27776,0,,false,
DGRA-2020-08-10,GRANOLLERS,,,2193.7,,,,,,13692,306.5,,,,18958,0,,false,
DGRA-2020-08-17,GRANOLLERS,,,7180.8,,,,,,1293.9,2356.7,,,,19206,0,,false,
DGRA-2020-08-24,GRANOLLERS,,,1338300,,,,,,800970,3257200,,,,18945,0,Canvi metodològic,false,
DGRA-2020-08-31,GRANOLLERS,,,2025500,,,,,,1102000,945190,,,,21976,0,,false,
DGRA-2020-09-07,GRANOLLERS,,,454120,,,,,,1284200,226910,,,,26000,0,,false,
DGRA-2020-09-14,GRANOLLERS,,,3463600,,,,,,1089000,180660,,,,22122,0,,false,
DGRA-2020-09-21,GRANOLLERS,,,1414700,,,,,,2081700,675830,,,,23774,0,,false,
DGRA-2020-09-28,GRANOLLERS,,,164060,,,,,,2033400,538500,,,,22782,0,,false,
DGRA-2020-10-05,GRANOLLERS,,,1411300,,,,,,1235400,1067200,,,,21988,0,,false,
DGRA-2020-10-12,GRANOLLERS,,,1377500,,,,,,1970000,328510,,,,,,,false,
DGVC-2020-07-06,GAVÀ/VILADECANS,17810000,,685.71,34153,685.71,,,,,,,,,50568,0,,false,
DGVC-2020-07-13,GAVÀ/VILADECANS,10252000,,3093,15106,761.9,,,,,,,,,46000,0,,false,
DGVC-2020-07-20,GAVÀ/VILADECANS,33751,41552,3986.1,39449,,,,,,,,,,463430,0,,false,
DGVC-2020-07-28,GAVÀ/VILADECANS,80083,10177,2922.8,6473.6,,,,,,,,,,,,,false,
DGVC-2020-08-03,GAVÀ/VILADECANS,11982000,10222,9047.2,261280,,,,,,,,,,53170,0,,false,
DGVC-2020-08-10,GAVÀ/VILADECANS,4416800,214.29,1585,1912.4,,,,,,,,,,40615,0,,true,
DGVC-2020-08-17,GAVÀ/VILADECANS,35008000,42454,72210,538.06,,,,,,,,,,40600,0,,false,
DGVC-2020-08-24,GAVÀ/VILADECANS,47016000,27345,117950,85139,,,,,,,,,,420830,0,,false,
DGVC-2020-08-31,GAVÀ/VILADECANS,9081100,2302.2,11205,1246.9,,,,,,,,,,40000,0,,false,
DGVC-2020-09-07,GAVÀ/VILADECANS,7783800,1255.5,11146,273.84,,,,,,,,,,50000,0,,false,
DGVC-2020-09-14,GAVÀ/VILADECANS,10876000,25567,4295.6,30079,,,,,,,,,,40880,0,,false,
DGVC-2020-09-21,GAVÀ/VILADECANS,28505000,954.96,3373.5,12748,,,,,,,,,,452650,0,,false,
DGVC-2020-09-28,GAVÀ/VILADECANS,10891000,11769,7473.2,,,,,,,,,,,406210,0,,false,
DGVC-2020-10-05,GAVÀ/VILADECANS,1839100,10138,8654.4,,,,,,,,,,,42000,0,,false,
DGVC-2020-10-12,GAVÀ/VILADECANS,2894200,19369,35535,4228.1,,,,,,,,,,58700,70,,false,
DIGU-2020-07-06,IGUALADA,14100000,,489.8,489.8,489.8,,,,,,,,,26570,0,,false,
DIGU-2020-07-13,IGUALADA,5722000,,5860.7,5134.9,714.29,,,,,,,,,257160,0,,true,
DIGU-2020-07-20,IGUALADA,9016.1,214.29,214.29,6483.1,,,,,,,,,,23990,0,,false,
DIGU-2020-07-28,IGUALADA,202770,214.29,214.29,7943.5,,,,,,,,,,,,,false,
DIGU-2020-08-03,IGUALADA,41637000,571.43,62475,465000,,,,,,,,,,24389,0,Valor confirmat,false,
DIGU-2020-08-10,IGUALADA,5021400,257.14,16750,22266,,,,,,,,,,20814,0,,true,
DIGU-2020-08-17,IGUALADA,9177800,8569.1,11840,32787,,,,,,,,,,21330,0,,false,
DIGU-2020-08-24,IGUALADA,6316300,336.25,7116.7,14660,,,,,,,,,,19130,0,,false,
DIGU-2020-08-31,IGUALADA,42338000,10623,37592,1301.5,,,,,,,,,,22456,0,,false,
DIGU-2020-09-07,IGUALADA,26814000,2889.9,82467,11662,,,,,,,,,,21450,,,false,
DIGU-2020-09-14,IGUALADA,26931000,396.43,6590.5,71050,,,,,,,,,,22490,,,true,
DIGU-2020-09-21,IGUALADA,49854000,353.57,654.55,46435,,,,,,,,,,24270,,,true,
DIGU-2020-09-28,IGUALADA,12071000,6488.8,528.53,,,,,,,,,,,19993,,,true,
DIGU-2020-10-05,IGUALADA,824860,4424,679.92,,,,,,,,,,,21115,,,false,
DIGU-2020-10-12,IGUALADA,3045700,6442.3,10315,31100,,,,,,,,,,19989,,,true,
DLDM-2020-07-06,LLORET_DE_MAR,20221000,,609.52,19108,609.52,,,,,,,,,13880,0,,false,
DLDM-2020-07-20,LLORET_DE_MAR,75556,1293.1,3444.4,5688.2,,,,,,,,,,12480,0,,false,
DLDM-2020-08-03,LLORET_DE_MAR,96068000,137.14,314.99,4261.6,,,,,,,,,,17000,0,,true,
DLDM-2020-08-17,LLORET_DE_MAR,14395000,752.39,22631,32462,,,,,,,,,,14000,0,,false,
DLDM-2020-08-31,LLORET_DE_MAR,18543000,42724,206130,3024,,,,,,,,,,13430,0,,false,
DLDM-2020-09-14,LLORET_DE_MAR,3449800,6477.7,5047.5,407.14,,,,,,,,,,10510,0,,false,
DLDM-2020-09-28,LLORET_DE_MAR,7153700,3024.9,1631.8,,,,,,,,,,,11450,0,,false,
DLDM-2020-10-12,LLORET_DE_MAR,967200,3544.5,13343,214.29,,,,,,,,,,9130,0,,false,
DLLE-2020-07-06,LLEIDA,44270000,,51557,,115030,,,,,,,,,62042,0,,false,
DLLE-2020-07-13,LLEIDA,21856000,,17983,,450,,,,,,,,,67036,0,,false,
DLLE-2020-07-20,LLEIDA,95907000,,8214.1,,540,,,,,,,,,65165,0,,false,
DLLE-2020-07-27,LLEIDA,24170000,,211560,,62244,,,,,,,,,62624,0,,false,
DLLE-2020-08-03,LLEIDA,88323000,480,480,,,,,,,,,,,63580,0,,false,
DLLE-2020-08-10,LLEIDA,508010000,300,9398.6,,,,,,,,,,,65984,,,false,
DLLE-2020-08-17,LLEIDA,,420,12135,,420,,,174020000,,,,,,67815,,Valor Puntual,false,
DLLE-2020-08-25,LLEIDA,450,450,727.07,,450,,,,,,,,,,,,false,
DLLE-2020-08-31,LLEIDA,142.86,142.86,10761,,,,,,,,,,,64364,0,Canvi metodològic,false,
DLLE-2020-09-07,LLEIDA,20372000,178.57,1714.7,,,178.57,178.57,,,,,,,66657,0,,true,
DLLE-2020-09-14,LLEIDA,9515500,214.29,214.29,,,,,,,,,,,70292,0,,false,
DLLE-2020-09-21,LLEIDA,3069800,142.86,16749,,,,,,,,,,,71275,0,,true,
DLLE-2020-09-28,LLEIDA,18873000,171.43,4862.3,,,,,,,,,,,59994,0,,false,
DLLE-2020-10-05,LLEIDA,390370000,11867,78268,,,,,,,,,,,53279,0,,false,
DLLE-2020-10-12,LLEIDA,70308000,34250,33872,,,,,,,,,,,46199,0,,false,
DLLL-2020-07-06,LLAGOSTA_LA,,,100,,100,,,,,1011.1,,,439110000,34620,0,,true,
DLLL-2020-07-20,LLAGOSTA_LA,,,3099.4,,148.15,,,,24531,2811.3,,,,35242,0,,false,
DLLL-2020-08-03,LLAGOSTA_LA,,,5854.1,,,,,,2812.3,6963.8,,,,27565,0,,false,
DLLL-2020-08-17,LLAGOSTA_LA,,,4297.7,,,,,,2409.9,8836.1,,,,28289,0,,false,
DLLL-2020-08-31,LLAGOSTA_LA,,,34246,,,,,,759640,9327.3,,,,30000,0,,false,
DLLL-2020-09-14,LLAGOSTA_LA,,,169490,,,,,,436320,90612,,,,29989,0,,false,
DLLL-2020-09-28,LLAGOSTA_LA,,,136200,,,,,,1792000,135320,,,,28270,0,,false,
DLLL-2020-10-12,LLAGOSTA_LA,,,2501400,,,,,,1933200,265150,,,,24041,0,,false,
DMAN-2020-07-13,MANLLEU,5763700,,1658.7,8945,400,,,,,,,,,9582,0,,true,
DMAN-2020-07-20,MANLLEU,36092,228.57,228.57,4156.2,,,,,,,,,,8226,0,,false,
DMAN-2020-07-28,MANLLEU,305420,246.43,1045.5,9399.9,,,,,,,,,,,,,false,
DMAN-2020-08-03,MANLLEU,103770000,321.43,321.43,1122.3,,,,,,,,,,8559,0,,false,
DMAN-2020-08-10,MANLLEU,22018000,1243.9,18341,4814,,,,,,,,,,5886,0,,false,
DMAN-2020-08-17,MANLLEU,34733000,26672,43228,321.43,,,,,,,,,,6268,0,,false,
DMAN-2020-08-24,MANLLEU,13522000,59817,204110,69496,,,,,,,,,,6091,0,,false,
DMAN-2020-08-31,MANLLEU,101820000,54895,212600,43552,,,,,,,,,,8317,0,,false,
DMAN-2020-09-07,MANLLEU,54302000,18937,54808,1900.5,,,,,,,,,,6304,0,,false,
DMAN-2020-09-14,MANLLEU,5506500,4963.4,7644.5,23047,,,,,,,,,,6407,0,,false,
DMAN-2020-09-21,MANLLEU,23398000,6344.8,16317,10902,,,,,,,,,,10578,22.4,,false,
DMAN-2020-09-28,MANLLEU,8655500,13135,24212,,,,,,,,,,,5649,0,,false,
DMAN-2020-10-05,MANLLEU,3045000,28534,24375,,,,,,,,,,,,,,false,
DMAN-2020-10-12,MANLLEU,5441800,27709,44064,27672,,,,,,,,,,,,,false,
DMAS-2020-07-06,MANRESA,3689500,,1454.8,49423,548.57,,,,,,,,,,,,false,
DMAS-2020-07-13,MANRESA,6155900,,894.9,568.54,400,,,,,,,,,,,,true,
DMAS-2020-07-20,MANRESA,67514,1645.6,328.57,18163,,,,,,,,,,,,,true,
DMAS-2020-07-28,MANRESA,53202,1478.1,235.71,1410.9,,,,,,,,,,,,,false,
DMAS-2020-08-03,MANRESA,287650000,281170,28893,166390,,,,,,,,,,,,,false,
DMAS-2020-08-10,MANRESA,8276800,1366.8,32898,199310,,,,,,,,,,,,,false,
DMAS-2020-08-17,MANRESA,59402000,14040,11433,811.49,,,,,,,,,,213440,0,,false,
DMAS-2020-08-24,MANRESA,10424000,11090,81448,26948,,,,,,,,,,21398,0,,false,
DMAS-2020-08-31,MANRESA,20098000,23528,44486,3400,,,,,,,,,,18410,0,,false,
DMAS-2020-09-07,MANRESA,15169000,5377.7,17967,1581,,,,,,,,,,24046,10.9,,false,
DMAS-2020-09-14,MANRESA,6179300,7687.8,15455,75910,,,,,,,,,,21883,0,,false,
DMAS-2020-09-21,MANRESA,21797000,11640,4695.8,14378,,,,,,,,,,23158,0,,false,
DMAS-2020-09-28,MANRESA,6684700,4571.3,9047.1,,,,,,,,,,,21105,0,,false,
DMAS-2020-10-05,MANRESA,3823800,303610,147230,,,,,,,,,,,21750,0,,false,
DMAS-2020-10-12,MANRESA,2300700,8429.6,41246,22756,,,,,,,,,,19982,0,,false,
DMAT-2020-07-06,MATARÓ,18932000,,2401,8742.2,952.38,,,,,,,,,28803,0,,false,
DMAT-2020-07-13,MATARÓ,3192600,,22319,8500.9,714.29,,,,,,,,,28091,2,,false,
DMAT-2020-07-20,MATARÓ,73684,6147.7,1911.9,77386,,,,,,,,,,26500,0,,false,
DMAT-2020-07-28,MATARÓ,180760,10366,5041.7,8374,,,,,,,,,,,,,false,
DMAT-2020-08-03,MATARÓ,78208000,538050,118950,204390,,,,,,,,,,28860,14,,false,
DMAT-2020-08-10,MATARÓ,20454000,5889.8,22858,11979,,,,,,,,,,21018,0,,false,
DMAT-2020-08-17,MATARÓ,11848000,35856,105720,10427,,,,,,,,,,21700,0,,false,
DMAT-2020-08-24,MATARÓ,12140000,61309,17571,54008,,,,,,,,,,22524,0,,false,
DMAT-2020-08-31,MATARÓ,29112000,60510,100740,2550.2,,,,,,,,,,23000,0,,false,
DMAT-2020-09-07,MATARÓ,16820000,2733.3,36892,5989,,,,,,,,,,25000,0,,false,
DMAT-2020-09-14,MATARÓ,25717000,7704.1,26184,119220,,,,,,,,,,25276,0,,false,
DMAT-2020-09-21,MATARÓ,28579000,16665,12767,30134,,,,,,,,,,25000,9.8,,false,
DMAT-2020-09-28,MATARÓ,1309800,1623.4,6915,,,,,,,,,,,23341,0,,false,
DMAT-2020-10-05,MATARÓ,1140800,29183,22662,,,,,,,,,,,25400,0,,false,
DMAT-2020-10-12,MATARÓ,751040,79762,96808,26940,,,,,,,,,,23169,0,,false,
DMDV-2020-07-13,MONTORNÈS_DEL_VALLÈS,,,2071,,148.15,,,,,148.15,148.15,148.15,,36382,0,,true,
DMDV-2020-07-27,MONTORNÈS_DEL_VALLÈS,,,148.15,,148.15,,,,50802,3428,,,,32959,0,,true,
DMDV-2020-08-10,MONTORNÈS_DEL_VALLÈS,,,3139.7,,,,,,16138,148.15,,,,26758,0,,false,
DMDV-2020-08-24,MONTORNÈS_DEL_VALLÈS,,,215470,,,,,,950680,78178,,,,29837,,Canvi metodològic,false,
DMDV-2020-09-07,MONTORNÈS_DEL_VALLÈS,,,214660,,,,,,2036800,48525,,,,43300,14.3,,false,
DMDV-2020-09-21,MONTORNÈS_DEL_VALLÈS,,,148650,,,,,,1863700,110180,,,,40355,2.9,,false,
DMDV-2020-10-05,MONTORNÈS_DEL_VALLÈS,,,1007100,,,,,,1922400,1216200,,,,30438,0,,false,
DMIR-2020-07-06,MONTCADA,,,100,,100,,,,,112.76,,,410560000,56558,0,,true,
DMIR-2020-07-13,MONTCADA,,,148.15,,148.15,,,,,210.79,148.15,148.15,,50771,0,,true,
DMIR-2020-07-20,MONTCADA,,,596.01,,148.15,,,,15970,148.15,,,,525020,0,,true,
DMIR-2020-07-27,MONTCADA,,,1918.7,,148.15,,,,48529,148.15,,,,51486,0,,false,
DMIR-2020-08-03,MONTCADA,,,148.15,,,,,,962.21,148.15,,,,59127,2.4,,false,
DMIR-2020-08-10,MONTCADA,,,148.15,,,,,,3744.7,2800.3,,,,42901,0,,false,
DMIR-2020-08-17,MONTCADA,,,148.15,,,,,,643.41,98219,,,,45759,0,,false,
DMIR-2020-08-24,MONTCADA,,,758090,,,,,,1651600,996750,,,,44148,0,Canvi metodològic,false,
DMIR-2020-08-31,MONTCADA,,,125260,,,,,,1824200,77337,,,,49795,0,,false,
DMIR-2020-09-07,MONTCADA,,,434520,,,,,,1457800,827750,,,,64695,9.2,,false,
DMIR-2020-09-14,MONTCADA,,,322690,,,,,,829060,79672,,,,51378,0,,false,
DMIR-2020-09-21,MONTCADA,,,188740,,,,,,1309100,110010,,,,55658,14.1,,false,
DMIR-2020-09-28,MONTCADA,,,192870,,,,,,914120,236340,,,,49198,0,,false,
DMIR-2020-10-05,MONTCADA,,,1942300,,,,,,1033300,314520,,,,54292,0,,false,
DMIR-2020-10-12,MONTCADA,,,629130,,,,,,1394500,254480,,,,51197,0,,false,
DMLN-2020-07-06,MÓRA_D'EBRE/MÓRA_LA_NOVA,17654000,,450,,450,,,,,,,,,1420.67,0,,false,
DMLN-2020-07-20,MÓRA_D'EBRE/MÓRA_LA_NOVA,299210000,,420,,420,,,,,,,,,1593,0,,false,
DMLN-2020-08-03,MÓRA_D'EBRE/MÓRA_LA_NOVA,54897000,480,480,,,,,,,,,,,1603,0,,false,
DMLN-2020-08-17,MÓRA_D'EBRE/MÓRA_LA_NOVA,,360,360,,360,,,125160000,,,,,,1743,0,,false,
DMLN-2020-08-31,MÓRA_D'EBRE/MÓRA_LA_NOVA,400,400,400,,,,,,,,,,,1630,0,,false,
DMLN-2020-09-14,MÓRA_D'EBRE/MÓRA_LA_NOVA,4641400,505.51,2097,,,,,,,,,,,,,,false,
DMLN-2020-09-28,MÓRA_D'EBRE/MÓRA_LA_NOVA,8593300,171.43,8762.7,,,,,,,,,,,,,,false,
DMLN-2020-10-12,MÓRA_D'EBRE/MÓRA_LA_NOVA,43742000,52624,51491,,,,,,,,,,,1584.18,0,,false,
DMOB-2020-07-13,MONTBLANC,16132000,,450,,450,,,,,,,,,1281,2,,false,
DMOB-2020-07-27,MONTBLANC,18610,,450,,450,,,,,,,,,1119,0,,false,
DMOB-2020-08-10,MONTBLANC,433610000,300,300,,,,,,,,,,,1164,0,,false,
DMOB-2020-08-25,MONTBLANC,450,450,450,,450,,,,,,,,,,,,false,
DMOB-2020-09-07,MONTBLANC,37154000,228.57,3958.4,,,228.57,228.57,,,,,,,1083,0.5,Canvi Metodològic,false,
DMOB-2020-09-21,MONTBLANC,5936500,142.86,142.86,,,,,,,,,,,964,14,,false,
DMOB-2020-10-05,MONTBLANC,62942000,4119,54753,,,,,,,,,,,941,0,,false,
DMOF-2020-07-06,MONTFERRER,158890000,,450,,450,,,,,,,,,,,,false,
DMOF-2020-07-13,MONTFERRER,109450000,,450,,450,,,,,,,,,,,,false,
DMOF-2020-07-20,MONTFERRER,243390000,,5129,,600,,,,,,,,,,,,false,
DMOF-2020-07-27,MONTFERRER,175640000,,450,,450,,,,,,,,,,,,false,
DMOF-2020-08-03,MONTFERRER,181720000,300,300,,,,,,,,,,,,,,false,
DMOF-2020-08-10,MONTFERRER,497800000,300,300,,,,,,,,,,,,,,false,
DMOF-2020-08-17,MONTFERRER,,300,11467,,23826,,,781070000,,,,,,3922,0,,false,
DMOF-2020-08-25,MONTFERRER,450,450,450,,450,,,,,,,,,,,,false,
DMOF-2020-08-31,MONTFERRER,300,300,1315.8,,,,,,,,,,,2910,0,,true,
DMOF-2020-09-07,MONTFERRER,15762000,22517,6621.7,,,8577,9345.9,,,,,,,,,Canvi Metodològic,false,
DMOF-2020-09-14,MONTFERRER,28011000,251.72,4092.8,,,,,,,,,,,3500,0,,false,
DMOF-2020-09-21,MONTFERRER,9090500,142.86,995.25,,,,,,,,,,,3910,0,,false,
DMOF-2020-09-28,MONTFERRER,6847000,171.43,861.66,,,,,,,,,,,4611,0,,false,
DMOF-2020-10-05,MONTFERRER,408650000,34235,90281,,,,,,,,,,,3640,0,,false,
DMOF-2020-10-12,MONTFERRER,36270000,29251,40824,,,,,,,,,,,0,0,,false,
DMRT-2020-07-06,MARTORELL,,,148.15,,148.15,,,,1846600,148.15,,,,8379,0,,false,
DMRT-2020-07-13,MARTORELL,,,148.15,,148.15,,,,,148.15,148.15,148.15,,7907,,,false,
DMRT-2020-07-20,MARTORELL,,,353.13,,148.15,,,,8243,458.32,,,,8532,0,,false,
DMRT-2020-07-27,MARTORELL,,,412.83,,148.15,,,,12121,1280.3,,,,7738,0,,false,
DMRT-2020-08-03,MARTORELL,,,2873.1,,,,,,20888,148.15,,,,7982,0,Valor Puntual,false,
DMRT-2020-08-10,MARTORELL,,,5838.3,,,,,,2024.4,531.54,,,,6716,0,,false,
DMRT-2020-08-17,MARTORELL,,,15558,,,,,,1413.5,98219,,,,6998,,,false,
DMRT-2020-08-24,MARTORELL,,,2009800,,,,,,316710,5127200,,,,6681,0,Canvi metodològic,false,
DMRT-2020-08-31,MARTORELL,,,128530,,,,,,2318600,492980,,,,7295,0,,false,
DMRT-2020-09-07,MARTORELL,,,344510,,,,,,1804700,249730,,,,8967,9,,false,
DMRT-2020-09-14,MARTORELL,,,85255,,,,,,1142000,12575,,,,7790,0,,false,
DMRT-2020-09-21,MARTORELL,,,443860,,,,,,888990,136400,,,,8534,2,,false,
DMRT-2020-09-28,MARTORELL,,,115360,,,,,,1745300,52261,,,,7522,0,,false,
DMRT-2020-10-05,MARTORELL,,,2954000,,,,,,1701700,756240,,,,7459,0,,false,
DMRT-2020-10-12,MARTORELL,,,1822200,,,,,,2377100,257300,,,,7018,0,,false,
DOLO-2020-07-06,OLOT,20744000,,1632.5,2091.4,457.14,,,,,,,,,16839,0,,false,
DOLO-2020-07-13,OLOT,3159600,,7090.6,5911.5,342.86,,,,,,,,,17244,5,,false,
DOLO-2020-07-20,OLOT,34070,9754.8,71289,4558.8,,,,,,,,,,15254,0,,false,
DOLO-2020-07-28,OLOT,388720,718.58,1938.7,300,,,,,,,,,,,,,false,
DOLO-2020-08-03,OLOT,19891000,1334.9,3144.4,3725.8,,,,,,,,,,15679,0,,false,
DOLO-2020-08-10,OLOT,17967000,964.29,19900,14468,,,,,,,,,,14482,0,,false,
DOLO-2020-08-17,OLOT,24512000,3034,10910,964.29,,,,,,,,,,14575,0.2,,false,
DOLO-2020-08-24,OLOT,7700000,535.71,4560.9,57791,,,,,,,,,,14268,0,,true,
DOLO-2020-08-31,OLOT,5068200,321.43,321.43,6294.2,,,,,,,,,,15421,0,,false,
DOLO-2020-09-08,OLOT,32754000,407.14,4974.8,407.14,,,,,,,,,,,,,true,
DOLO-2020-09-14,OLOT,5703900,1291,904.05,50021,,,,,,,,,,15492,0,,false,
DOLO-2020-09-21,OLOT,28287000,9770.4,7292.1,119630,,,,,,,,,,17418,30,,false,
DOLO-2020-09-28,OLOT,7290500,8239.5,3612.2,,,,,,,,,,,14833,0,,false,
DOLO-2020-10-05,OLOT,2555900,26321,23346,,,,,,,,,,,15451,0,,false,
DOLO-2020-10-12,OLOT,2706900,5314.9,5138.4,8572.6,,,,,,,,,,13860,0,,false,
DPAM-2020-07-13,PALAMÓS,3874700,,400,3478.8,400,,,,,,,,,18943,0,,false,
DPAM-2020-07-28,PALAMÓS,200930,192.86,192.86,2442.9,,,,,,,,,,,,,false,
DPAM-2020-08-10,PALAMÓS,8988700,375,4155.2,1345.1,,,,,,,,,,23558,0,,true,
DPAM-2020-08-24,PALAMÓS,8200200,321.43,5940.1,32369,,,,,,,,,,20431,0,,true,
DPAM-2020-09-07,PALAMÓS,19604000,755.94,8722.6,257.14,,,,,,,,,,18499,0,,false,
DPAM-2020-09-21,PALAMÓS,25983000,708.53,428.57,29310,,,,,,,,,,14708,0,,true,
DPAM-2020-10-05,PALAMÓS,813970,9909.4,2276.6,,,,,,,,,,,13964,0,,false,
DPDL-2020-07-06,PRAT_DE_LLOBREGAT_EL,,,100,,100,,,,,100,,,4397100,227360,0,,false,
DPDL-2020-07-13,PRAT_DE_LLOBREGAT_EL,,,3233.5,,148.15,,,,,165.85,148.15,148.15,,213456,0.5,,false,
DPDL-2020-07-20,PRAT_DE_LLOBREGAT_EL,,,10293,,148.15,,,,16488,2244.3,,,,233112,0,,false,
DPDL-2020-07-27,PRAT_DE_LLOBREGAT_EL,,,16479,,148.15,,,,132740,23135,,,,226127,0,,false,
DPDL-2020-08-03,PRAT_DE_LLOBREGAT_EL,,,606.21,,,,,,1093.6,148.15,,,,242497,0,,false,
DPDL-2020-08-10,PRAT_DE_LLOBREGAT_EL,,,30006,,,,,,9451.9,186.21,,,,198944,0,,false,
DPDL-2020-08-17,PRAT_DE_LLOBREGAT_EL,,,148.15,,,,,,5126.3,227790,,,,212168,0,,false,
DPDL-2020-08-24,PRAT_DE_LLOBREGAT_EL,,,425740,,,,,,3713800,697870,,,,193632,0,Canvi metodològic,false,
DPDL-2020-08-31,PRAT_DE_LLOBREGAT_EL,,,432660,,,,,,1832500,394880,,,,194551,0,,false,
DPDL-2020-09-07,PRAT_DE_LLOBREGAT_EL,,,378670,,,,,,2051400,646190,,,,249858.28,0,,false,
DPDL-2020-09-14,PRAT_DE_LLOBREGAT_EL,,,490050,,,,,,942340,555580,,,,227665.85,0,,false,
DPDL-2020-09-21,PRAT_DE_LLOBREGAT_EL,,,805420,,,,,,1234300,523790,,,,288481,0,,false,
DPDL-2020-09-28,PRAT_DE_LLOBREGAT_EL,,,324450,,,,,,562870,55254,,,,216423,0,,false,
DPDL-2020-10-05,PRAT_DE_LLOBREGAT_EL,,,719080,,,,,,915790,161220,,,,216000,0,,false,
DPDL-2020-10-12,PRAT_DE_LLOBREGAT_EL,,,1026600,,,,,,2203200,96372,,,,231869,0,,false,
DPSU-2020-07-13,PONT_DE_SUERT_EL,81815000,,2249.1,,2183.4,,,,,,,,,940,17.2,,false,
DPSU-2020-07-27,PONT_DE_SUERT_EL,139140000,,62226,,450,,,,,,,,,976,0,,false,
DPSU-2020-08-10,PONT_DE_SUERT_EL,563660000,300,300,,,,,,,,,,,1088,0.5,,false,
DPSU-2020-08-25,PONT_DE_SUERT_EL,450,450,450,,450,,,,,,,,,,,,false,
DPSU-2020-09-07,PONT_DE_SUERT_EL,36940000,178.57,178.57,,,178.57,178.57,,,,,,,1008,0,Canvi Metodològic,false,
DPSU-2020-09-21,PONT_DE_SUERT_EL,6077100,142.86,142.86,,,,,,,,,,,1126,10.8,,false,
DPSU-2020-10-05,PONT_DE_SUERT_EL,573920000,4634.5,171.43,,,,,,,,,,,928,0,,false,
DPUI-2020-07-06,PUIGCERDÀ,,,148.15,,148.15,,,,7682200,148.15,,,,9134,0,,false,
DPUI-2020-07-13,PUIGCERDÀ,,,241.37,,148.15,,,,148.15,148.15,,,,9814,5.3,,true,
DPUI-2020-07-20,PUIGCERDÀ,,,148.15,,148.15,,,,4182.2,148.15,,,,11502,2.4,,false,
DPUI-2020-07-27,PUIGCERDÀ,,,439.7,,148.15,,,,27361,19063,,,,9990,0,,false,
DPUI-2020-08-03,PUIGCERDÀ,,,606.21,,,,,,4787.1,148.15,,,,8228,0,Valor Puntual,false,
DPUI-2020-08-10,PUIGCERDÀ,,,2394.4,,,,,,48529,1612.2,,,,12203,0.1,,false,
DPUI-2020-08-17,PUIGCERDÀ,,,3442.4,,,,,,9738.4,2122.4,,,,9739,0,,true,
DPUI-2020-08-24,PUIGCERDÀ,,,141560,,,,,,743580,116870,,,,8659,0,Canvi metodològic,false,
DPUI-2020-08-31,PUIGCERDÀ,,,264850,,,,,,2576100,867630,,,,12768,0.1,,false,
DPUI-2020-09-07,PUIGCERDÀ,,,2100400,,,,,,2717500,559780,,,,,,,false,
DPUI-2020-09-14,PUIGCERDÀ,,,866530,,,,,,1046000,297120,,,,7780,0,,false,
DPUI-2020-09-21,PUIGCERDÀ,,,1755000,,,,,,974760,340510,,,,9263,3.4,,false,
DPUI-2020-09-28,PUIGCERDÀ,,,1163000,,,,,,1154400,232830,,,,7219,0,,false,
DPUI-2020-10-05,PUIGCERDÀ,,,811010,,,,,,1260300,66309,,,,5986,0,,false,
DPUI-2020-10-12,PUIGCERDÀ,,,1185900,,,,,,961960,469020,,,,6811,0.2,,false,
DRIP-2020-07-06,RIPOLL,20744000,,457.14,2887.4,457.14,,,,,,,,,6681,0,,false,
DRIP-2020-07-13,RIPOLL,6601300,,10891,7290.8,257.14,,,,,,,,,8802,10,,false,
DRIP-2020-07-20,RIPOLL,44011,451.47,6422,3462,,,,,,,,,,6316,0,,false,
DRIP-2020-07-28,RIPOLL,242960,8148.2,4821.7,7658.3,,,,,,,,,,,,,false,
DRIP-2020-08-03,RIPOLL,86559000,285.71,17236,285.71,,,,,,,,,,6006,0,,true,
DRIP-2020-08-10,RIPOLL,7803700,5480.1,5656.2,6002.2,,,,,,,,,,5694,0,,false,
DRIP-2020-08-17,RIPOLL,32843000,407.14,407.14,7815.3,,,,,,,,,,5601,0,,false,
DRIP-2020-08-24,RIPOLL,5874400,421.62,213.6,15897,,,,,,,,,,5755,0,,false,
DRIP-2020-08-31,RIPOLL,11017000,6434.7,8801.9,321.43,,,,,,,,,,9686,0,,false,
DRIP-2020-09-07,RIPOLL,7344300,6374.7,11988,303.74,,,,,,,,,,6965,0,,false,
DRIP-2020-09-14,RIPOLL,7200600,2526.5,2370.1,49833,,,,,,,,,,6477,0,,false,
DRIP-2020-09-21,RIPOLL,31721000,470.33,1022.5,20956,,,,,,,,,,10775,10,,false,
DRIP-2020-09-28,RIPOLL,8016000,1649.3,1042.8,,,,,,,,,,,6009,0,,false,
DRIP-2020-10-05,RIPOLL,3750200,1122.6,3587.5,,,,,,,,,,,6870,0,,false,
DRIP-2020-10-12,RIPOLL,2485900,5819.7,8988.8,10017,,,,,,,,,,6744,0,,false,
DRSS-2020-07-06,ROSES,,,100,,100,,,,,100,,,100,8385,0,,false,
DRSS-2020-07-20,ROSES,,,417.9,,148.15,,,,21827,291.5,,,,9754,0,,false,
DRSS-2020-08-03,ROSES,,,148.15,,,,,,1800,148.15,,,,9750,0,,false,
DRSS-2020-08-17,ROSES,,,1260.1,,,,,,4279.2,81577,,,,10483,0,,false,
DRSS-2020-08-31,ROSES,,,50676,,,,,,1555700,61446,,,,7997,0,,false,
DRSS-2020-09-14,ROSES,,,31883,,,,,,237630,25989,,,,7233,0,,false,
DRSS-2020-09-28,ROSES,,,216530,,,,,,696400,53155,,,,,,,false,
DRUB-2020-07-06,RUBÍ,,,148.15,,148.15,,,,34762000000,148.15,,,,26536,0,,false,
DRUB-2020-07-13,RUBÍ,,,148.15,,148.15,,,,,148.15,148.15,148.15,,25278,2,,false,
DRUB-2020-07-20,RUBÍ,,,695.86,,148.15,,,,12838,1045.8,,,,22360,0,,false,
DRUB-2020-07-27,RUBÍ,,,148.15,,148.15,,,,9651.1,263.96,,,,25134,0,,true,
DRUB-2020-08-03,RUBÍ,,,7790.8,,,,,,2986.3,972.37,,,,254780,0,,false,
DRUB-2020-08-10,RUBÍ,,,805.78,,,,,,4662.5,166.7,,,,21126,0,,false,
DRUB-2020-08-17,RUBÍ,,,13380,,,,,,3567.6,29168,,,,23398,0,,false,
DRUB-2020-08-24,RUBÍ,,,23383,,,,,,297900,5302.9,,,,22874,0,Canvi metodològic,false,
DRUB-2020-08-31,RUBÍ,,,241730,,,,,,1455200,1302300,,,,26204,0,,false,
DRUB-2020-09-07,RUBÍ,,,518060,,,,,,1153400,660620,,,,27426,15,,false,
DRUB-2020-09-14,RUBÍ,,,1077100,,,,,,906420,144890,,,,25476,0,,false,
DRUB-2020-09-21,RUBÍ,,,2974300,,,,,,1206900,362540,,,,26374,2,,false,
DRUB-2020-09-28,RUBÍ,,,965110,,,,,,1995200,338150,,,,21164,0,,false,
DRUB-2020-10-05,RUBÍ,,,789610,,,,,,1413000,106720,,,,25780,0,,false,
DRUB-2020-10-12,RUBÍ,,,1081800,,,,,,1770300,111800,,,,22370,0,,false,
DRUS-2020-07-06,REUS,12839000,,450,,450,,,,,,,,,17540,0,,false,
DRUS-2020-07-13,REUS,4928700,,450,,450,,,,,,,,,18376,0,,false,
DRUS-2020-07-20,REUS,195310000,,420,,420,,,,,,,,,18018,0,,false,
DRUS-2020-07-27,REUS,1101000,,450,,450,,,,,,,,,18228,0,,false,
DRUS-2020-08-03,REUS,607490000,360,8810,,,,,,,,,,,14980,0,Valor Puntual,false,
DRUS-2020-08-10,REUS,50992000,300,3081.8,,,,,,,,,,,18643,0,,false,
DRUS-2020-08-17,REUS,,360,21836,,360,,,92505000,,,,,,18037,0,Valor Puntual,false,
DRUS-2020-08-25,REUS,450,450,5655.9,,450,,,,,,,,,,,,false,
DRUS-2020-08-31,REUS,428.57,232980,58907,,,,,,,,,,,16655,0,Canvi metodològic,true,
DRUS-2020-09-07,REUS,39283000,357.14,11117,,,357.14,357.14,,,,,,,17086,0,,false,
DRUS-2020-09-14,REUS,14932000,1306.6,2999.1,,,,,,,,,,,17831,0,,false,
DRUS-2020-09-21,REUS,4454300,142.86,22419,,,,,,,,,,,17069,0,,false,
DRUS-2020-09-28,REUS,3876100,171.43,3837.9,,,,,,,,,,,15450,0,,false,
DRUS-2020-10-05,REUS,123310000,16712,150810,,,,,,,,,,,15781,0,,false,
DRUS-2020-10-12,REUS,25146000,41908,19205,,,,,,,,,,,14988,0,,false,
DSFL-2020-07-06,SANT_FELIU_DE_LLOBREGAT,17167000,,457.14,25596,457.14,,,,,,,,,56568,0,,false,
DSFL-2020-07-13,SANT_FELIU_DE_LLOBREGAT,7724500,,3237.9,16569,703.3,,,,,,,,,53044,0,,true,
DSFL-2020-07-20,SANT_FELIU_DE_LLOBREGAT,4408,271.43,271.43,1104.1,,,,,,,,,,52954,0,,false,
DSFL-2020-07-28,SANT_FELIU_DE_LLOBREGAT,87467,4039.3,11002,4101.7,,,,,,,,,,,,,false,
DSFL-2020-08-03,SANT_FELIU_DE_LLOBREGAT,34827000,20546,20079,4844.1,,,,,,,,,,50046,0,,false,
DSFL-2020-08-10,SANT_FELIU_DE_LLOBREGAT,3811000,11188,20352,3093.2,,,,,,,,,,39379,0,,false,
DSFL-2020-08-17,SANT_FELIU_DE_LLOBREGAT,90254000,137850,246770,6826.7,,,,,,,,,,41058,0,,false,
DSFL-2020-08-24,SANT_FELIU_DE_LLOBREGAT,13088000,4078.2,26911,27098,,,,,,,,,,44340,0,,false,
DSFL-2020-08-31,SANT_FELIU_DE_LLOBREGAT,13994000,27007,16970,595.13,,,,,,,,,,54839,0,,false,
DSFL-2020-09-07,SANT_FELIU_DE_LLOBREGAT,8796100,3437.4,7718.4,2752.6,,,,,,,,,,56568,0,,false,
DSFL-2020-09-14,SANT_FELIU_DE_LLOBREGAT,4944000,614.61,485.39,63706,,,,,,,,,,56099,0,,false,
DSFL-2020-09-21,SANT_FELIU_DE_LLOBREGAT,22235000,2742.2,3363.9,33046,,,,,,,,,,62573,0,,false,
DSFL-2020-09-28,SANT_FELIU_DE_LLOBREGAT,9259200,8059,5919.5,,,,,,,,,,,53120,0,,false,
DSFL-2020-10-05,SANT_FELIU_DE_LLOBREGAT,4098700,11717,4618.5,,,,,,,,,,,,,,false,
DSFL-2020-10-12,SANT_FELIU_DE_LLOBREGAT,3885300,17861,42597,58673,,,,,,,,,,,,,false,
DSLL-2020-07-06,SALLENT/ARTÉS,14024000,,489.8,39186,489.8,,,,,,,,,2835,0,,false,
DSLL-2020-07-13,SALLENT/ARTÉS,1423600,,500,13646,500,,,,,,,,,2341,25,,false,
DSLL-2020-07-20,SALLENT/ARTÉS,61222,371.43,4001.4,3949.1,,,,,,,,,,2679,0,,false,
DSLL-2020-07-28,SALLENT/ARTÉS,28915,526.33,182.14,228.48,,,,,,,,,,,,,false,
DSLL-2020-08-03,SALLENT/ARTÉS,13456000,60061,41724,76110,,,,,,,,,,2181,0,,false,
DSLL-2020-08-10,SALLENT/ARTÉS,11610000,214.29,1413.7,1067.6,,,,,,,,,,2059,0,,true,
DSLL-2020-08-17,SALLENT/ARTÉS,35594000,18074,15563,964.29,,,,,,,,,,2088,0,,false,
DSLL-2020-08-24,SALLENT/ARTÉS,14288000,6232.1,22073,12395,,,,,,,,,,2003,0,,false,
DSLL-2020-08-31,SALLENT/ARTÉS,11960000,407.14,4681.3,149240,,,,,,,,,,2813,0,,false,
DSLL-2020-09-07,SALLENT/ARTÉS,9442200,6166.8,33976,6708.3,,,,,,,,,,2573,0.4,,false,
DSLL-2020-09-14,SALLENT/ARTÉS,1971300,804.59,2083.6,26967,,,,,,,,,,2336,,,false,
DSLL-2020-09-21,SALLENT/ARTÉS,24403000,4116.2,1991.5,14052,,,,,,,,,,3203,15,,false,
DSLL-2020-09-28,SALLENT/ARTÉS,7621700,279.43,2576.1,,,,,,,,,,,2432,,,false,
DSLL-2020-10-05,SALLENT/ARTÉS,898370,1155.7,192.86,,,,,,,,,,,,,,true,
DSLL-2020-10-12,SALLENT/ARTÉS,540800,235.71,235.71,16542,,,,,,,,,,,,,false,
DSOL-2020-07-06,SOLSONA,89792000,,7073.3,,450,,,,,,,,,2645,0,,false,
DSOL-2020-07-13,SOLSONA,41474000,,450,,450,,,,,,,,,2543,0,,false,
DSOL-2020-07-20,SOLSONA,5650900,,450,,450,,,,,,,,,2419,0,,false,
DSOL-2020-07-27,SOLSONA,5211700,,450,,450,,,,,,,,,2375,0,,false,
DSOL-2020-08-03,SOLSONA,753930000,300,300,,,,,,,,,,,2097,0,,false,
DSOL-2020-08-10,SOLSONA,682410000,300,300,,,,,,,,,,,2490,0,,false,
DSOL-2020-08-17,SOLSONA,,360,7811.7,,360,,,238440000,,,,,,2348,0,Valor Puntual,false,
DSOL-2020-08-25,SOLSONA,450,450,450,,450,,,,,,,,,,,,false,
DSOL-2020-08-31,SOLSONA,400,400,2229,,,,,,,,,,,2361,0,Valor Puntual,true,
DSOL-2020-09-07,SOLSONA,22603000,142.86,142.86,,,142.86,142.86,,,,,,,2021,0,Canvi Metodològic,false,
DSOL-2020-09-14,SOLSONA,90841000,171.43,451.95,,,,,,,,,,,2086,0,,false,
DSOL-2020-09-21,SOLSONA,13835000,142.86,26767,,,,,,,,,,,2549,0,,false,
DSOL-2020-09-28,SOLSONA,47641000,516.16,3842.5,,,,,,,,,,,2202,0,,false,
DSOL-2020-10-05,SOLSONA,1114800000,30757,29549,,,,,,,,,,,2257,0,,false,
DSOL-2020-10-12,SOLSONA,61457000,6248.3,45358,,,,,,,,,,,2330,0,,false,
DSOR-2020-07-06,SORT,41248000,,450,,450,,,,,,,,,657,0,,false,
DSOR-2020-07-20,SORT,107130000,,450,,450,,,,,,,,,642,0,,false,
DSOR-2020-08-03,SORT,119990000,360,360,,,,,,,,,,,742,0,,false,
DSOR-2020-08-17,SORT,,360,360,,360,,,33409000,,,,,,775,0,,false,
DSOR-2020-08-31,SORT,320,320,320,,,,,,,,,,,670,0,,false,
DSOR-2020-09-14,SORT,12608000,205.71,205.71,,,,,,,,,,,572,0,,false,
DSRS-2020-07-06,SABADELL/RIU_SEC,,,148.15,,148.15,,,,2759600,148.15,,,,23334,0,,false,
DSRS-2020-07-13,SABADELL/RIU_SEC,,,1769.1,,148.15,,,,148.15,148.15,,,,226851,0,,false,
DSRS-2020-07-20,SABADELL/RIU_SEC,,,7698.1,,148.15,,,,29563,4053.8,,,,23262,0,,false,
DSRS-2020-07-27,SABADELL/RIU_SEC,,,148.15,,148.15,,,,68025,23979,,,,24693,0,,false,
DSRS-2020-08-03,SABADELL/RIU_SEC,,,988.7,,,,,,1128.2,1132.7,,,,26294,0,,false,
DSRS-2020-08-10,SABADELL/RIU_SEC,,,1428.7,,,,,,14605,429.54,,,,26939,0,,false,
DSRS-2020-08-17,SABADELL/RIU_SEC,,,8246.9,,,,,,11382,12448,,,,21691,0,,false,
DSRS-2020-08-24,SABADELL/RIU_SEC,,,228920,,,,,,612470,1156500,,,,22623,0,Canvi metodològic,false,
DSRS-2020-08-31,SABADELL/RIU_SEC,,,273580,,,,,,850810,215190,,,,30754,0,,false,
DSRS-2020-09-07,SABADELL/RIU_SEC,,,203040,,,,,,975550,16086,,,,26022,0,,false,
DSRS-2020-09-14,SABADELL/RIU_SEC,,,1577400,,,,,,1055800,132640,,,,25030,0,,false,
DSRS-2020-09-21,SABADELL/RIU_SEC,,,507860,,,,,,780720,273920,,,,23879,0,,false,
DSRS-2020-09-28,SABADELL/RIU_SEC,,,292560,,,,,,423740,403790,,,,23839,0,,false,
DSRS-2020-10-05,SABADELL/RIU_SEC,,,1822100,,,,,,1320700,275950,,,,,,,false,
DSRS-2020-10-12,SABADELL/RIU_SEC,,,1244700,,,,,,1993700,298750,,,,,,,false,
DTAR-2020-07-06,TARRAGONA,6358800,,500,,500,,,,,,,,,0,0,,false,
DTAR-2020-07-13,TARRAGONA,13962000,,450,,450,,,,,,,,,0,0,,false,
DTAR-2020-07-20,TARRAGONA,70651000,,600,,600,,,,,,,,,0,0,,false,
DTAR-2020-07-27,TARRAGONA,5412700,,450,,450,,,,,,,,,23356,0,,false,
DTAR-2020-08-03,TARRAGONA,360,360,360,,,,,,,,,,,23016,0,,false,
DTAR-2020-08-10,TARRAGONA,50672000,300,434.71,,,,,,,,,,,22871,0,Valor Puntual,false,
DTAR-2020-08-17,TARRAGONA,,420,420,,420,,,149440000,,,,,,23268,0,,false,
DTAR-2020-08-25,TARRAGONA,450,450,693.39,,450,,,,,,,,,,,,false,
DTAR-2020-08-31,TARRAGONA,450,450,450,,,,,,,,,,,22370,0,,false,
DTAR-2020-09-07,TARRAGONA,57088000,7410.1,13066,,,357.14,357.14,,,,,,,19374,0,Canvi Metodològic,false,
DTAR-2020-09-14,TARRAGONA,14301000,325.27,413.61,,,,,,,,,,,24448,0,,false,
DTAR-2020-09-21,TARRAGONA,4421900,142.86,142.86,,,,,,,,,,,25018,0,,false,
DTAR-2020-09-28,TARRAGONA,,2307.2,2801.7,,,,,,,,,,,22996,0,,false,
DTAR-2020-10-05,TARRAGONA,173650000,71884,178480,,,,,,,,,,,22704,0,,false,
DTAR-2020-10-12,TARRAGONA,23473000,14594,40708,,,,,,,,,,,,,,false,
DTOT-2020-07-06,TORTOSA-ROQUETES,32184000,,5604.6,,450,,,,,,,,,5353,0,,false,
DTOT-2020-07-13,TORTOSA-ROQUETES,12683000,,450,,450,,,,,,,,,5406,0,,false,
DTOT-2020-07-20,TORTOSA-ROQUETES,125640000,,5140.9,,450,,,,,,,,,5987,0,,false,
DTOT-2020-07-27,TORTOSA-ROQUETES,450,,450,,40625,,,,,,,,,6150,0,,false,
DTOT-2020-08-03,TORTOSA-ROQUETES,60257000,360,1774.1,,,,,,,,,,,5519,0,Valor Puntual,false,
DTOT-2020-08-10,TORTOSA-ROQUETES,27380000,300,1253,,,,,,,,,,,5437,0,,false,
DTOT-2020-08-17,TORTOSA-ROQUETES,,360,48486,,360,,,204160000,,,,,,4946,0,,false,
DTOT-2020-08-25,TORTOSA-ROQUETES,450,450,4220.3,,450,,,,,,,,,,,,false,
DTOT-2020-08-31,TORTOSA-ROQUETES,142.86,142.86,13816,,,,,,,,,,,5973,0,Canvi metodològic,true,
DTOT-2020-09-07,TORTOSA-ROQUETES,29998000,264.29,2358.2,,,264.29,264.29,,,,,,,5330,0,,true,
DTOT-2020-09-14,TORTOSA-ROQUETES,84902000,2951.7,7539.1,,,,,,,,,,,5862,0,,false,
DTOT-2020-09-21,TORTOSA-ROQUETES,11748000,7246.3,2799.7,,,,,,,,,,,,,,false,
DTOT-2020-09-28,TORTOSA-ROQUETES,6067800,171.43,11584,,,,,,,,,,,,,,false,
DTOT-2020-10-05,TORTOSA-ROQUETES,365640000,20058,186960,,,,,,,,,,,,,,false,
DTOT-2020-10-12,TORTOSA-ROQUETES,26055000,96712,40474,,,,,,,,,,,,,,false,
DTRG-2020-07-13,TÀRREGA,39690000,,179300,,111740,,,,,,,,,3089,0,,false,
DTRG-2020-07-20,TÀRREGA,510050000,,2840.6,,360,,,,,,,,,3333,0,,false,
DTRG-2020-07-27,TÀRREGA,11384000,,5499.3,,450,,,,,,,,,,,,false,
DTRG-2020-08-10,TÀRREGA,98749000,300,300,,,,,,,,,,,,,,false,
DTRG-2020-08-25,TÀRREGA,450,450,450,,450,,,,,,,,,,,,false,
DTRG-2020-09-07,TÀRREGA,49869000,31776,33196,,,37115,428.57,,,,,,,,,Canvi Metodològic,false,
DTRG-2020-09-21,TÀRREGA,87114000,8456.8,1927,,,,,,,,,,,,,,false,
DTRG-2020-10-05,TÀRREGA,276160000,24947,91735,,,,,,,,,,,,,,false,
DTRP-2020-07-13,TREMP,22187000,,450,,450,,,,,,,,,2583,27,,false,
DTRP-2020-07-27,TREMP,24843000,,450,,450,,,,,,,,,1982,0,,false,
DTRP-2020-08-10,TREMP,277240000,300,300,,,,,,,,,,,2207,0,,false,
DTRP-2020-08-25,TREMP,450,450,450,,450,,,,,,,,,,,,false,
DTRP-2020-09-07,TREMP,16256000,3044.7,6350.9,,,6318.4,142.86,,,,,,,2036,0,Canvi Metodològic,false,
DTRP-2020-09-21,TREMP,18732000,775.72,29710,,,,,,,,,,,2076,2.5,,false,
DTRP-2020-09-28,TREMP,5329100,171.43,1194.6,,,,,,,,,,,,,,false,
DTRP-2020-10-05,TREMP,1353200000,1275.3,3169.9,,,,,,,,,,,1964,0,,false,
DTRP-2020-10-12,TREMP,9481600,171.43,9072,,,,,,,,,,,,,Hem repetit qPCR. Hem repetit des de centricon i no ha donat senyal,false,
DTRS-2020-07-06,TERRASSA,27348000,,609.52,9560.7,609.52,,,,,,,,,38716,0,,false,
DTRS-2020-07-13,TERRASSA,4006600,,22247,6909.5,571.43,,,,,,,,,44760,0,,false,
DTRS-2020-07-20,TERRASSA,45174,56906,57814,10566,,,,,,,,,,1695.7,0,,false,
DTRS-2020-07-28,TERRASSA,210890,28201,18194,12563,,,,,,,,,,,,,false,
DTRS-2020-08-03,TERRASSA,905270000,71995,146530,413950,,,,,,,,,,38949.6,0,,false,
DTRS-2020-08-10,TERRASSA,10185000,28093,24600,2040.6,,,,,,,,,,34258.9,0,,false,
DTRS-2020-08-17,TERRASSA,375,30552,82816,448.23,,,,,,,,,,36745.3,0,,false,
DTRS-2020-08-24,TERRASSA,38633000,67964,79630,37722,,,,,,,,,,35689.8,0,,false,
DTRS-2020-08-31,TERRASSA,6751600,11022,51727,1170.1,,,,,,,,,,38270.7,0,,false,
DTRS-2020-09-07,TERRASSA,7426700,9177.2,45711,9274.8,,,,,,,,,,47385.5,,,false,
DTRS-2020-09-14,TERRASSA,1965000,5771.9,12057,139030,,,,,,,,,,39669.1,0,,false,
DTRS-2020-09-21,TERRASSA,16910000,14016,27079,15050,,,,,,,,,,0,0,,false,
DTRS-2020-09-28,TERRASSA,1063800,2830.4,4638.6,,,,,,,,,,,39697,0,,false,
DTRS-2020-10-05,TERRASSA,666220,20693,17194,,,,,,,,,,,41920.7,0,,false,
DTRS-2020-10-12,TERRASSA,2135700,32734,51218,11728,,,,,,,,,,39096.9,0,,false,
DVAL-2020-07-06,VALLS_POBLE,17073000,,450,,450,,,,,,,,,0,0,,false,
DVAL-2020-07-20,VALLS_POBLE,232290000,,450,,450,,,,,,,,,7290,0,,false,
DVAL-2020-08-03,VALLS_POBLE,93691000,480,480,,,,,,,,,,,6085,0,,false,
DVAL-2020-08-17,VALLS_POBLE,,300,300,,300,,,180640000,,,,,,8498,0,,false,
DVAL-2020-08-31,VALLS_POBLE,330,330,330,,,,,,,,,,,8890,0,,false,
DVAL-2020-09-14,VALLS_POBLE,26968000,696.37,978.75,,,,,,,,,,,9263,0,,true,
DVAL-2020-09-28,VALLS_POBLE,13088000,171.43,993.02,,,,,,,,,,,9304,0,,true,
DVAL-2020-10-12,VALLS_POBLE,59932000,5052.5,7180.5,,,,,,,,,,,,,S'ha repetit des de l'inici. Resultats idèntics,false,
DVDP-2020-07-06,VILAFRANCA_DEL_PENEDÈS,,,100,,100,,,,,100,,,163070,15505,0,,false,
DVDP-2020-07-13,VILAFRANCA_DEL_PENEDÈS,,,148.15,,148.15,,,,,148.15,148.15,148.15,,15158,0,,false,
DVDP-2020-07-20,VILAFRANCA_DEL_PENEDÈS,,,148.15,,148.15,,,,21082,7633.5,,,,15215,0,,false,
DVDP-2020-07-27,VILAFRANCA_DEL_PENEDÈS,,,148.15,,148.15,,,,12595,148.15,,,,14066.57,0,,false,
DVDP-2020-08-03,VILAFRANCA_DEL_PENEDÈS,,,16903,,,,,,436600,2829.9,,,,14547,0,,false,
DVDP-2020-08-10,VILAFRANCA_DEL_PENEDÈS,,,322830,,,,,,67836,38478,,,,14484,0,,false,
DVDP-2020-08-17,VILAFRANCA_DEL_PENEDÈS,,,7846.4,,,,,,22644,14875,,,,14547,0,,false,
DVDP-2020-08-24,VILAFRANCA_DEL_PENEDÈS,,,162970,,,,,,2223200,239780,,,,15333,0,Canvi metodològic,false,
DVDP-2020-08-31,VILAFRANCA_DEL_PENEDÈS,,,96596,,,,,,2366700,37375,,,,15333,0,,false,
DVDP-2020-09-07,VILAFRANCA_DEL_PENEDÈS,,,241340,,,,,,2044100,509810,,,,15333,0,,false,
DVDP-2020-09-14,VILAFRANCA_DEL_PENEDÈS,,,112360,,,,,,1361900,10545,,,,15731,0,,false,
DVDP-2020-09-21,VILAFRANCA_DEL_PENEDÈS,,,100720,,,,,,1426000,21799,,,,20299,1.2,,false,
DVDP-2020-09-28,VILAFRANCA_DEL_PENEDÈS,,,17004,,,,,,1229500,3873.4,,,,15316,0,,false,
DVDP-2020-10-05,VILAFRANCA_DEL_PENEDÈS,,,116190,,,,,,1574900,28257,,,,15118.16,0,,false,
DVDP-2020-10-12,VILAFRANCA_DEL_PENEDÈS,,,286500,,,,,,2169000,276430,,,,14345.64,0,,false,
DVEN-2020-07-06,RIERA_DE_LA_BISBAL,,,100,,100,,,,,100,,,34095000,13856,0,,false,
DVEN-2020-07-13,RIERA_DE_LA_BISBAL,,,148.15,,148.15,,,,,1360.5,148.15,148.15,,0,0,,false,
DVEN-2020-07-20,RIERA_DE_LA_BISBAL,,,3332,,148.15,,,,61664,8273.5,,,,0,0,,false,
DVEN-2020-07-27,RIERA_DE_LA_BISBAL,,,148.15,,148.15,,,,27616,148.15,,,,0,0,,false,
DVEN-2020-08-03,RIERA_DE_LA_BISBAL,,,389.94,,,,,,1292.3,148.15,,,,13000,0,Valor Puntual,false,
DVEN-2020-08-10,RIERA_DE_LA_BISBAL,,,17477,,,,,,32662,1759.1,,,,13545,0,,false,
DVEN-2020-08-17,RIERA_DE_LA_BISBAL,,,148.15,,,,,,2051.3,84627,,,,16700,0,,true,
DVEN-2020-08-24,RIERA_DE_LA_BISBAL,,,110080,,,,,,1086600,371670,,,,16948,0,Canvi metodològic,false,
DVEN-2020-08-31,RIERA_DE_LA_BISBAL,,,174710,,,,,,2201800,406600,,,,14128,,,false,
DVEN-2020-09-07,RIERA_DE_LA_BISBAL,,,1207600,,,,,,972420,777420,,,,16402,31.5,,false,
DVEN-2020-09-14,RIERA_DE_LA_BISBAL,,,148260,,,,,,628680,66016,,,,11500,0,,false,
DVEN-2020-09-21,RIERA_DE_LA_BISBAL,,,40910,,,,,,1397000,806600,,,,9344,22,,false,
DVEN-2020-09-28,RIERA_DE_LA_BISBAL,,,6266.6,,,,,,1080100,30464,,,,12398,0,,false,
DVEN-2020-10-05,RIERA_DE_LA_BISBAL,,,198180,,,,,,1486700,55683,,,,11549,0,,false,
DVEN-2020-10-12,RIERA_DE_LA_BISBAL,,,1389400,,,,,,1613700,572730,,,,,,,false,
DVIC-2020-07-13,VIC,7922300,,714.29,7858.5,714.29,,,,,,,,,23074,7.2,,false,
DVIC-2020-07-20,VIC,28931,7844,1527.9,39359,,,,,,,,,,19692,0,,false,
DVIC-2020-07-28,VIC,1712100,1391.6,3643.1,1984.3,,,,,,,,,,,,,false,
DVIC-2020-08-03,VIC,27237000,257.14,1977.7,6624,,,,,,,,,,20628,0,,false,
DVIC-2020-08-10,VIC,10938000,257.14,6922.8,13704,,,,,,,,,,24913,0,,false,
DVIC-2020-08-17,VIC,12113000,9810.5,18962,2085.5,,,,,,,,,,204810,0,,false,
DVIC-2020-08-24,VIC,20482000,17131,47119,44340,,,,,,,,,,19608,0,,false,
DVIC-2020-08-31,VIC,24196000,2700,83915,5863.4,,,,,,,,,,279060,0,,false,
DVIC-2020-09-07,VIC,32261000,1403.3,22216,4176.2,,,,,,,,,,26444,0,,false,
DVIC-2020-09-14,VIC,1928600,649.16,1130.8,51226,,,,,,,,,,21603,0,,false,
DVIC-2020-09-21,VIC,49757000,5805.7,15556,37217,,,,,,,,,,0,0,,false,
DVIC-2020-09-28,VIC,10576000,13918,24626,,,,,,,,,,,28130,0,,false,
DVIC-2020-10-05,VIC,1969600,30665,22842,,,,,,,,,,,23482,0,,false,
DVIC-2020-10-12,VIC,1956500,7248.7,17442,19783,,,,,,,,,,22966,0,,false,
DVIE-2020-07-06,VIELHA_E_MIJARAN,103430000,,450,,450,,,,,,,,,0,0,,false,
DVIE-2020-07-20,VIELHA_E_MIJARAN,1692600000,,3358.5,,420,,,,,,,,,,,,false,
DVIE-2020-08-03,VIELHA_E_MIJARAN,328110000,360,360,,,,,,,,,,,,,,false,
DVIE-2020-08-17,VIELHA_E_MIJARAN,,300,300,,300,,,377170000,,,,,,,,,false,
DVIE-2020-08-31,VIELHA_E_MIJARAN,340,340,415.46,,,,,,,,,,,,,,true,
DVIE-2020-09-14,VIELHA_E_MIJARAN,10516000,171.43,171.43,,,,,,,,,,,,,,false,
DVIE-2020-09-28,VIELHA_E_MIJARAN,3467600,49367,48658,,,,,,,,,,,,,,false,
DVIE-2020-10-12,VIELHA_E_MIJARAN,98191000,3234.6,15442,,,,,,,,,,,,,,false,
DVLC-2020-07-06,VILA-SECA/SALOU,15326000,,450,,450,,,,,,,,,0,0,,false,
DVLC-2020-07-13,VILA-SECA/SALOU,3421700,,450,,450,,,,,,,,,27903,0,,false,
DVLC-2020-07-20,VILA-SECA/SALOU,282550000,,450,,450,,,,,,,,,27789,0,,false,
DVLC-2020-07-27,VILA-SECA/SALOU,5529300,,450,,450,,,,,,,,,27422.5,0,,false,
DVLC-2020-08-03,VILA-SECA/SALOU,105520000,480,2917.3,,,,,,,,,,,27728,0,Valor Puntual,false,
DVLC-2020-08-10,VILA-SECA/SALOU,70687000,30,30,,,,,,,,,,,30718.2,0,,false,
DVLC-2020-08-17,VILA-SECA/SALOU,,300,5859.7,,300,,,105170000,,,,,,31660.1,0,Valor Puntual,false,
DVLC-2020-08-25,VILA-SECA/SALOU,450,450,450,,450,,,,,,,,,,,,false,
DVLC-2020-08-31,VILA-SECA/SALOU,480,480,480,,,,,,,,,,,29210.4,0,,false,
DVLC-2020-09-07,VILA-SECA/SALOU,61363000,257.14,8381.5,,,257.14,257.14,,,,,,,29945.7,1.2,Canvi Metodològic,true,
DVLC-2020-09-14,VILA-SECA/SALOU,127220000,219.02,510.13,,,,,,,,,,,23394.3,0,,true,
DVLC-2020-09-21,VILA-SECA/SALOU,12130000,142.86,9213.6,,,,,,,,,,,23621.6,0,,true,
DVLC-2020-09-28,VILA-SECA/SALOU,28377000,8152.7,4982.7,,,,,,,,,,,22047.6,0,,false,
DVLC-2020-10-12,VILA-SECA/SALOU,4549100,3690.9,4930.1,,,,,,,,,,,21004.7,0,,false,
DVLG-2020-07-06,VILANOVA_I_LA_GELTRÚ,15877000,,653.06,5479.4,653.06,,,,,,,,,16901,0,,false,
DVLG-2020-07-13,VILANOVA_I_LA_GELTRÚ,5641300,,27304,67500,653.06,,,,,,,,,15932,0,,true,
DVLG-2020-07-20,VILANOVA_I_LA_GELTRÚ,89457,12137,3359.4,28365,,,,,,,,,,15568,0,,false,
DVLG-2020-07-28,VILANOVA_I_LA_GELTRÚ,267410,9860.7,1128.4,10774,,,,,,,,,,,,,false,
DVLG-2020-08-03,VILANOVA_I_LA_GELTRÚ,12207000,1133.2,19017,65221,,,,,,,,,,16794,0,,false,
DVLG-2020-08-10,VILANOVA_I_LA_GELTRÚ,9020900,4131.6,23927,34014,,,,,,,,,,,,,false,
DVLG-2020-08-17,VILANOVA_I_LA_GELTRÚ,3042600,13654,7811.9,5359.7,,,,,,,,,,15652,0,,false,
DVLG-2020-08-24,VILANOVA_I_LA_GELTRÚ,4368800,257.14,1461.4,29221,,,,,,,,,,16002,0,,false,
DVLG-2020-08-31,VILANOVA_I_LA_GELTRÚ,5364500,192.86,1234.7,2671.4,,,,,,,,,,16105,0,,true,
DVLG-2020-09-07,VILANOVA_I_LA_GELTRÚ,7152700,1307.3,11095,1411.3,,,,,,,,,,21160,0,,false,
DVLG-2020-09-14,VILANOVA_I_LA_GELTRÚ,4393100,408.31,321.43,80403,,,,,,,,,,16443,0,,true,
DVLG-2020-09-21,VILANOVA_I_LA_GELTRÚ,21976000,566.39,2263.1,17284,,,,,,,,,,16961,0,,false,
DVLG-2020-09-28,VILANOVA_I_LA_GELTRÚ,3321900,386.76,1813.9,,,,,,,,,,,16731,0,,false,
DVLG-2020-10-05,VILANOVA_I_LA_GELTRÚ,3063900,26215,12923,,,,,,,,,,,14672,0,,false,
DVLG-2020-10-12,VILANOVA_I_LA_GELTRÚ,1930000,7267.4,20286,27219,,,,,,,,,,15037,0,,false,
